Beck,Tyler,Sandra,208,1,Jeddah
Williams,Allison,Dorothy,426,2,Jeddah
Carroll,Eugene,Patricia,351,1,Jeddah
Nelson,Esther,Esther,116,0,Jeddah
Robinette,Judith,Marjorie,156,0,Jeddah
Schultz,Melisa,Peggy,320,1,Jeddah
Freshour,Gloria,Michael,223,0,Jeddah
Beausoleil,James,Robert,205,1,Jeddah
Miller,Marine,Rita,267,1,Jeddah
Ly,Sylvia,Andy,235,3,Jeddah
Campbell,Mark,Marilyn,451,0,Jeddah
Lofton,Theda,Jodie,174,2,Jeddah
Yundt,Thomas,Angela,193,2,Jeddah
Hensley,Jose,Gladys,342,1,Jeddah
Singleton,Kristie,Kathryn,340,0,Jeddah
Coffman,Reynaldo,Tom,208,3,Jeddah
Tripp,Richard,Kristie,469,2,Jeddah
Peterman,Max,William,200,0,Jeddah
Schwend,James,Kristi,214,2,Jeddah
Coffin,Theresa,Sean,104,3,Jeddah
Benchoff,Gerald,James,110,0,Jeddah
Wilson,Pamela,Albert,495,2,Jeddah
Milton,Jennifer,Mary,438,3,Jeddah
Ames,Joseph,Sharon,219,3,Jeddah
Johnson,Sadie,Lyle,178,0,Jeddah
Sims,Gerardo,John,348,2,Jeddah
Tutas,Patty,Elsie,160,3,Jeddah
Taormina,Lindsey,Randall,282,3,Jeddah
Luckhardt,Thomas,Barbara,219,1,Jeddah
Albertson,Eddie,Diana,421,0,Jeddah
Bennett,Pamela,Annie,318,3,Jeddah
Difilippo,Michele,Barbara,276,3,Jeddah
Stewart,Kathleen,Douglas,407,3,Jeddah
Cornwell,Jerry,Kenneth,285,1,Jeddah
Greene,Donna,Vicki,269,1,Jeddah
Riedel,Lee,Gregory,401,0,Jeddah
Esquivel,Richard,Scott,363,3,Jeddah
Bost,Evelyn,Meagan,207,2,Jeddah
Marker,Kim,George,435,2,Jeddah
Freed,Juan,Robert,247,3,Jeddah
Davis,Frank,Arthur,197,3,Jeddah
Baker,Ron,Brian,200,3,Jeddah
Hall,Colleen,Kenneth,487,1,Jeddah
Wagster,Carla,James,366,2,Jeddah
Wing,Michael,Kristie,431,2,Jeddah
Thurber,Adela,Karen,358,1,Jeddah
Adkins,Douglas,Andrew,234,0,Jeddah
Calhoun,Bryant,Connie,175,2,Jeddah
Forrest,Arnold,Freda,290,2,Jeddah
Arnett,Wesley,Anna,202,2,Jeddah
Marren,Joyce,Shannon,266,1,Jeddah
Germain,Robert,Calvin,117,2,Jeddah
Borden,Crystal,Kayla,368,3,Jeddah
Pederson,Rhonda,Hattie,195,1,Jeddah
Thomas,Marie,Ralph,155,0,Jeddah
Calloway,Marina,Pearl,444,1,Jeddah
Tudor,Pauline,Anthony,203,3,Jeddah
Brisco,Lana,Vincent,468,0,Jeddah
Poage,Nikole,Shirley,442,2,Jeddah
Hinderman,Adeline,Bertha,394,3,Jeddah
Vinson,William,Melissa,266,1,Jeddah
Englander,Melanie,Rodney,292,0,Jeddah
Everett,Cheryl,John,438,1,Jeddah
Jones,Dinah,William,105,3,Jeddah
Marshall,Geraldine,Shawn,109,3,Jeddah
Warren,Valentine,James,180,2,Jeddah
Pezzuti,Beverly,Suzanne,375,2,Jeddah
Roy,Paige,Sharon,282,2,Jeddah
Harrison,John,Julie,231,0,Jeddah
Digeorgio,Matthew,David,324,0,Jeddah
Britt,Carol,Jean,311,2,Jeddah
Thompson,Willie,Michael,207,1,Jeddah
Redman,Joseph,Jeanette,449,0,Jeddah
Carper,Patricia,Alma,182,1,Jeddah
Cobb,Angela,Matthew,239,2,Jeddah
Holt,Beatrice,Justin,136,2,Jeddah
Silva,Ricky,Joseph,348,1,Jeddah
Thomas,Teri,Gloria,170,0,Jeddah
Yankee,Beatrice,Cheryl,464,3,Jeddah
Flores,Greg,James,282,3,Jeddah
Allen,Nathan,Thomas,317,3,Jeddah
Fonseca,Marie,Kristin,457,3,Jeddah
Deleon,William,Ruby,349,0,Jeddah
Thrower,Judith,Jackie,166,3,Jeddah
Roesch,Edward,Robert,249,0,Jeddah
Tapia,Cynthia,Mary,314,2,Jeddah
Lord,Hazel,Joseph,282,1,Jeddah
Hamlin,Peter,Nicholas,215,1,Jeddah
Reitano,Teresa,Stacy,223,2,Jeddah
Ramirez,John,Patricia,468,0,Jeddah
Teal,Carole,Barbara,174,3,Jeddah
Bailey,Jacqueline,Brittany,202,0,Jeddah
Wall,Robert,Rocky,381,2,Jeddah
Reynolds,Jorge,Pearlie,223,3,Jeddah
Williams,Michelle,Ila,479,3,Jeddah
Jette,Phillip,Jesus,164,3,Jeddah
Barnett,Sonya,Katherine,442,3,Jeddah
Mauney,Robert,Carolyn,248,3,Jeddah
Hill,Judy,Dolores,359,3,Jeddah
Freel,Ronald,Mary,205,2,Jeddah
Mclean,Nancy,Patricia,230,1,Jeddah
Marshall,Isaac,Carol,428,0,Jeddah
Bell,Kenneth,Venus,175,2,Jeddah
Snider,Erica,Michelle,360,0,Jeddah
Small,Lea,Stanley,480,1,Jeddah
Flores,Tracey,Mary,426,1,Jeddah
Baker,Fran,Betty,473,2,Jeddah
Hall,Jim,Shon,133,1,Jeddah
Davis,Ruby,Trina,288,0,Jeddah
King,Sara,David,436,0,Jeddah
Price,Michael,David,448,3,Jeddah
Allen,Doris,Chester,350,2,Jeddah
Knight,Sheena,Robert,327,2,Jeddah
Beasley,Kevin,Carlos,151,0,Jeddah
Martin,Albert,Robert,260,3,Jeddah
Babcock,Edward,Kelly,253,1,Jeddah
Brignac,James,Debra,331,3,Jeddah
Moe,Marilyn,Wilbert,197,0,Jeddah
Barnes,Larry,Laverne,442,1,Jeddah
Hammers,John,Kris,247,3,Jeddah
Ramos,Dean,Joann,201,2,Jeddah
Graham,Melvin,Alice,122,1,Jeddah
Carey,Carl,Jonathan,210,0,Jeddah
Salcedo,Richard,Timothy,394,1,Jeddah
Rico,Noella,Nicole,276,0,Jeddah
Goodwin,Sadie,Rogelio,354,3,Jeddah
Cooke,Kay,Betty,120,0,Jeddah
Pfifer,Sara,Kathryn,248,1,Jeddah
Cano,Danny,Louise,466,1,Jeddah
Crasco,Luis,Timothy,453,1,Jeddah
Alcala,John,Paul,351,2,Jeddah
Stange,Greg,Anthony,414,3,Jeddah
Elliott,Jim,Lavonne,416,0,Jeddah
Weathers,Roberto,Regina,119,2,Jeddah
Hensley,Mark,Ruth,316,2,Jeddah
Dean,Gerald,Daniel,391,1,Jeddah
Adams,Jerry,Eleanor,451,2,Jeddah
Baker,Kathryn,Tim,200,2,Jeddah
Root,Leslie,Janet,298,1,Jeddah
Day,Donald,Tim,474,0,Jeddah
Seitz,Joseph,Charisse,438,0,Jeddah
Blaney,Mary,Crystal,462,1,Jeddah
Gascho,Lee,Rosa,436,2,Jeddah
Maxwell,Kathleen,Barbara,128,0,Jeddah
Casey,Trevor,Mary,283,1,Jeddah
Dodson,Jo,James,117,1,Jeddah
Crowell,John,Lucio,356,1,Jeddah
Grondin,Phung,Abby,106,3,Jeddah
Nelson,Michael,Sarah,438,0,Jeddah
Parker,Christopher,Joan,282,0,Jeddah
Arnold,Jason,Richard,499,3,Jeddah
Nickerson,Joseph,John,258,1,Jeddah
Musielak,Jonathan,Kate,127,3,Jeddah
Holman,Elizabeth,Glenn,114,3,Jeddah
Crawford,Dominic,Gordon,167,2,Jeddah
Tolliver,Denise,Christopher,453,2,Jeddah
Wolff,Neoma,Laura,390,3,Jeddah
Spencer,David,George,454,0,Jeddah
Stclair,Steven,Jerry,308,0,Jeddah
Cain,Wayne,Carol,439,2,Jeddah
Rubio,Gene,Willie,329,3,Jeddah
Buckingham,Domingo,Sophia,328,1,Jeddah
Mitchell,Tammy,Bernice,204,0,Jeddah
Thurman,Kevin,Cherly,390,2,Jeddah
Child,Mary,Christopher,473,1,Jeddah
Faris,James,Christopher,247,3,Jeddah
Folse,Allen,Karen,445,3,Jeddah
Harrington,Pat,Donna,335,0,Jeddah
Roden,Marie,James,184,3,Jeddah
Stewart,Jackie,Jack,249,1,Jeddah
Chatman,Donald,Catherine,497,1,Jeddah
Sloan,Christopher,Numbers,417,2,Jeddah
Carter,Barbara,Seth,149,2,Jeddah
Cunningham,Richard,Johnathan,369,2,Jeddah
Ivey,Geraldine,Jon,389,1,Jeddah
Armstrong,Dessie,David,255,0,Jeddah
Karban,Paul,Rickie,297,1,Jeddah
Williams,Brandon,Julia,457,2,Jeddah
Otoole,Juan,Julie,110,3,Jeddah
Meyer,Amanda,Ola,192,3,Jeddah
Drake,Terry,Linda,181,2,Jeddah
Robinson,Billy,Chin,468,2,Jeddah
Beverly,Alfred,Karen,279,0,Jeddah
Crawford,Rachel,Stephanie,414,3,Jeddah
Mccann,Catherine,James,488,0,Jeddah
Bowyer,Teri,Laurie,347,0,Jeddah
Bryant,Wallace,Steven,200,3,Jeddah
Steese,Joshua,Eric,369,0,Jeddah
Fortney,Samuel,Barbara,263,0,Jeddah
Harris,Karen,Carolyn,440,1,Jeddah
Shortell,Claude,Darrell,375,0,Jeddah
Collier,Willie,Mark,173,0,Jeddah
Billings,Billy,John,109,1,Jeddah
Morrison,Tim,James,172,0,Jeddah
Roman,Mae,Marget,365,3,Jeddah
Mcdonald,Mary,Carmela,270,3,Jeddah
Bowlin,Betty,David,149,0,Jeddah
Parker,Giovanni,Chester,463,0,Jeddah
Rooks,Christopher,Jared,458,0,Jeddah
Garcia,David,Marvin,178,2,Jeddah
Day,Dorothy,Amalia,441,2,Jeddah
Taylor,John,Monica,109,2,Jeddah
Richmond,Leslie,Roscoe,380,2,Jeddah
Thompson,Rita,Bryan,266,0,Jeddah
Nabors,Melissa,Kelly,341,1,Jeddah
Nageotte,Matthew,Danielle,311,3,Jeddah
Clarke,Jennifer,Raymundo,182,3,Jeddah
Mccafferty,Stephen,Craig,379,0,Jeddah
Parks,Joseph,Jeannette,280,1,Jeddah
Craddock,Thomas,Paul,384,1,Jeddah
Calhoun,Terri,Raymond,177,1,Jeddah
Drouillard,Dennis,Paul,147,1,Jeddah
Chase,Robert,Paul,435,3,Jeddah
Wilson,Paul,Sonja,274,0,Jeddah
Driggers,Michael,Michael,332,2,Jeddah
Sherman,Jared,Kevin,487,2,Jeddah
Martindale,Diane,Rosalyn,320,2,Jeddah
Guerrette,Jackie,Tina,472,2,Jeddah
Rodriquez,Maria,Teresa,453,2,Jeddah
Lay,Shauna,Bruce,119,1,Jeddah
Beard,Robert,Michelle,183,2,Jeddah
Williams,Margaret,Mae,171,2,Jeddah
Reker,Bobby,Ronald,168,1,Jeddah
Brown,Martha,Elizabeth,393,0,Jeddah
Orwig,Margie,Juana,110,2,Jeddah
Chavis,Valerie,Tim,136,2,Jeddah
Grayson,Barbara,Frank,163,1,Jeddah
Glidewell,Joann,Ruth,324,2,Jeddah
Gallo,Kelly,James,415,3,Jeddah
Embree,Rosa,Evelyn,268,0,Jeddah
Roorda,Gary,Lisha,336,2,Jeddah
Brady,Thomas,Harvey,413,0,Jeddah
Simpson,William,Mary,372,1,Jeddah
Howton,Stacy,Dennis,372,2,Jeddah
Erving,Francisco,Wallace,187,0,Jeddah
Harris,Clinton,Richard,169,2,Jeddah
Juarez,Kevin,Sandra,202,2,Jeddah
Fennel,Jerry,Richard,232,2,Jeddah
Courtney,Walter,Brenda,199,2,Jeddah
Fillare,Veronica,Russell,198,0,Jeddah
Mason,Sheri,Cleo,135,2,Jeddah
Whitmer,Pamela,James,345,1,Jeddah
Green,Marcia,Danny,246,1,Jeddah
Shirah,Lori,Cynthia,393,2,Jeddah
Burke,Terrance,Dorothy,267,3,Jeddah
Haas,Virginia,Mathew,247,3,Jeddah
Anderson,William,Rafael,254,1,Jeddah
Atkins,Adolph,Elisa,456,3,Jeddah
Heinen,Robert,George,459,2,Jeddah
Morrison,Diane,Charles,411,2,Jeddah
Copeland,Rudolph,Lorraine,469,2,Jeddah
Willis,Julio,Laura,415,0,Jeddah
Hangartner,Harold,Sylvia,330,3,Jeddah
Clements,Shelby,Hazel,442,2,Jeddah
Richardson,Charles,Willie,309,0,Jeddah
Brodes,Brian,Mark,250,0,Jeddah
Lawrence,Harold,James,384,0,Jeddah
Coleman,Dave,Mitchell,427,3,Jeddah
Bishop,Aaron,Robert,234,2,Jeddah
Colon,Ruth,Ronald,440,2,Jeddah
Harriman,Mark,Kimberly,267,2,Jeddah
Jackson,Iris,Juan,289,3,Jeddah
Callaway,Jamey,Melissa,249,0,Jeddah
Ziolkowski,Iris,Russell,430,2,Jeddah
Hayes,Ralph,Christopher,357,3,Jeddah
Stinnett,Argentina,Stanley,122,0,Jeddah
Lane,Theresa,Larry,378,3,Jeddah
Thomas,Julia,Joe,359,3,Jeddah
Cavazos,Lloyd,Samuel,487,0,Jeddah
Jennings,Thomas,Sharon,250,2,Jeddah
Wright,Lauren,Janet,152,2,Jeddah
Kenney,Sharon,Louise,168,2,Jeddah
Davis,Mandi,Colleen,496,2,Jeddah
Watson,Vivian,Pat,413,3,Jeddah
Carter,Amy,Edward,277,0,Jeddah
Jones,Jennifer,John,391,2,Jeddah
Smith,Thomas,Harold,439,1,Jeddah
Terrell,Ronald,Frank,305,0,Jeddah
Banh,Paul,Curtis,185,1,Jeddah
Renner,James,Richard,118,2,Jeddah
Foster,Dorothy,Richard,206,1,Jeddah
Hutchinson,Tom,Mercedes,120,0,Jeddah
Foley,Barbara,Thomas,330,3,Jeddah
Mcluen,Ashlee,Josephine,336,2,Jeddah
Rios,Bonnie,Jennifer,228,0,Jeddah
Johnson,Victor,Sherri,386,3,Jeddah
Handy,Victoria,Jenny,285,1,Jeddah
Pitts,Kimberly,Angela,301,2,Jeddah
Mitchell,Adrian,Fabian,464,2,Jeddah
Ruiz,William,John,328,0,Jeddah
Weber,Torrie,Regina,189,2,Jeddah
Owens,George,Cecilia,480,1,Jeddah
Carter,Norma,Mark,426,1,Jeddah
Hollowell,Rita,Steven,253,3,Jeddah
Gonzalez,Mary,Archie,223,1,Jeddah
Thayer,Jeffrey,Wendy,304,2,Jeddah
Dunn,Adam,John,240,3,Jeddah
Schmidt,Sarah,Esther,367,3,Jeddah
Congleton,Marilyn,Debra,231,1,Jeddah
John,Andrew,Justin,143,2,Jeddah
Perry,Tina,Jennifer,453,2,Jeddah
Wright,Virginia,Josie,288,1,Jeddah
Witt,Jeanette,William,139,2,Jeddah
Gwyn,Donald,Dorothy,316,1,Jeddah
Obrien,Peter,Brad,338,2,Jeddah
Simpson,Phyllis,James,383,0,Jeddah
Short,Sharon,Josephine,413,1,Jeddah
Hammonds,Trudy,Alfred,172,2,Jeddah
Leach,Emilio,Alfred,313,0,Jeddah
Morgan,Sarah,Michael,205,0,Jeddah
Scott,William,Garrett,263,1,Jeddah
Bellamy,Marie,James,426,2,Jeddah
Moberly,James,Grady,337,0,Jeddah
Walters,Lydia,Linda,278,2,Jeddah
Davidson,Michael,Anne,447,1,Jeddah
Coe,Robert,Cindy,435,1,Jeddah
Blackwell,Chester,Henry,356,1,Jeddah
Best,Kristen,Timothy,384,2,Jeddah
Howell,Madelyn,Randall,104,3,Jeddah
Stillwell,Stanley,Mary,478,2,Jeddah
Wright,Homer,Gina,425,0,Jeddah
Hopkins,Joshua,Walter,414,3,Jeddah
Hedrick,Leslie,Anthony,405,3,Jeddah
Bagby,Linda,Joseph,310,0,Jeddah
Stewart,Reggie,Shirly,324,2,Jeddah
Aldred,Walter,Anthony,264,1,Jeddah
Hunt,Jessica,Francisco,267,3,Jeddah
Senay,Ralph,Reba,389,0,Jeddah
Colpitts,Gerry,Beau,314,0,Jeddah
Roberts,Alan,Cheryl,478,0,Jeddah
Schober,Vernice,Luci,161,2,Jeddah
Bender,Lula,Thelma,372,3,Jeddah
Cleary,Richard,Betty,391,3,Jeddah
Zambrana,Deborah,Jennifer,332,3,Jeddah
Rose,Walter,Sara,106,0,Jeddah
Wolford,Linda,Heather,275,2,Jeddah
Mccormack,Jenifer,Aaron,288,1,Jeddah
Mcdonald,Virginia,Halina,297,1,Jeddah
Schorr,Margaret,Carmela,441,3,Jeddah
Lara,Claudia,Ernesto,262,0,Jeddah
Gutman,William,Eugene,298,1,Jeddah
Ellsworth,Salvatore,Olivia,473,0,Jeddah
Harris,Floyd,Jason,163,0,Jeddah
Tolston,Amber,Grace,389,0,Jeddah
Freiler,Gloria,Jenna,171,0,Jeddah
Dixon,Frederick,John,272,1,Jeddah
Keenum,Jesus,Mary,154,3,Jeddah
Waters,Michael,Gary,132,2,Jeddah
Baker,Pearl,Anita,168,0,Jeddah
Sanchez,Lizzie,Rebeca,283,0,Jeddah
Sorensen,Anthony,Cortney,482,3,Jeddah
Lasala,Cesar,Joyce,233,3,Jeddah
Mccutcheon,Natosha,Lorie,196,0,Jeddah
Jones,Laura,Teodoro,212,1,Jeddah
Dirickson,Leah,Barbara,410,3,Jeddah
Moreau,Vernice,Sharlene,363,2,Jeddah
Bowles,Marion,Dave,186,1,Jeddah
Burden,Jean,David,129,0,Jeddah
Reed,Brian,Paul,417,1,Jeddah
Selby,Madaline,Susan,421,0,Jeddah
Thomas,Michael,Cheryl,440,0,Jeddah
Windmeyer,Mary,Richard,449,1,Jeddah
Secrease,Stephen,Lisa,360,3,Jeddah
Dickson,Billy,Robert,498,0,Jeddah
Martin,Carolyn,Maria,122,2,Jeddah
Edmond,Stacy,Tess,146,2,Jeddah
Ellis,Walter,Jeffrey,463,3,Jeddah
Barber,Patricia,Judy,404,0,Jeddah
Alsip,Christopher,Milton,294,0,Jeddah
Hu,Jewell,John,389,0,Jeddah
Jackson,Susan,Curtis,262,1,Jeddah
Sasaki,Violet,William,257,2,Jeddah
Wilkerson,Fred,Steven,203,0,Jeddah
Alday,Nicolas,Nancy,493,1,Jeddah
Sandoval,Nicholas,Alexis,321,1,Jeddah
Dorsey,Susan,Linda,449,1,Jeddah
Hawkins,Rafael,Nancy,364,1,Jeddah
Buenrostro,Karen,Sally,486,0,Jeddah
Wilson,Maria,Mark,123,3,Jeddah
Campos,Anthony,Eleanore,306,0,Jeddah
Blackwood,Rhonda,Carrie,315,2,Jeddah
Cooper,Carla,Joseph,492,2,Jeddah
Brazil,Linda,Julia,341,1,Jeddah
Thibodeau,Maria,Larry,305,2,Jeddah
Aronson,Lynne,Lavern,479,1,Jeddah
Ramlall,Shari,Richard,396,3,Jeddah
Vath,Patrick,Alicia,127,0,Jeddah
Holtmeier,Maria,Zena,142,2,Jeddah
Hyzer,Gino,Maria,144,3,Jeddah
Cuellar,Carl,Jacqueline,386,0,Jeddah
Welch,Joshua,Jessica,368,1,Jeddah
Knight,Erika,Gloria,242,0,Jeddah
Monzo,Nancy,Mable,225,2,Jeddah
Roberts,Michael,Matthew,371,0,Jeddah
Wood,Francis,Patricia,225,0,Jeddah
Squires,Renee,Elmer,240,2,Jeddah
Briseno,Deanne,Richard,355,2,Jeddah
Herbert,Johnny,Cara,272,0,Jeddah
Bellendir,Rebecca,Joseph,236,3,Jeddah
Travillian,Rex,Frances,303,2,Jeddah
Perry,Caprice,Britney,370,2,Jeddah
Montgomery,Wanda,Christopher,454,1,Jeddah
Cooper,John,Caron,467,0,Jeddah
Arcement,Gladys,Gene,371,0,Jeddah
Criswell,Jamie,Cecilia,481,2,Jeddah
Kubica,Rodney,Yolanda,219,2,Jeddah
Wolfe,Denise,Sharon,226,1,Jeddah
Callahan,Hector,Michelle,104,2,Jeddah
Brazier,Donna,Charles,415,0,Jeddah
Blair,Rosalee,Aaron,263,2,Jeddah
Sampson,Thomas,Michael,162,3,Jeddah
Spencer,Jessie,Mariana,269,2,Jeddah
Stiner,Irene,Samuel,223,2,Jeddah
Willick,Theodore,Lindsay,144,2,Jeddah
Burkett,Cathy,Santo,108,3,Jeddah
Patterson,Amelia,Eric,193,0,Jeddah
Gunderman,Clyde,Stephen,175,1,Jeddah
Duke,Jerry,Stacey,424,3,Jeddah
Crotty,James,Mark,115,0,Jeddah
Smith,Oralia,Nelda,409,3,Jeddah
Cole,Van,Lillie,257,3,Jeddah
Rodriguez,Patricia,Julie,135,0,Jeddah
Leeder,Marvin,Glenda,291,1,Jeddah
Levenstein,Joan,Raymond,477,3,Jeddah
Huey,Aaron,Janell,217,3,Jeddah
Zullo,Sara,Yu,106,1,Jeddah
Morales,Marie,Laverne,163,0,Jeddah
Pope,Charles,Anthony,224,2,Jeddah
Mccollum,Lenora,Peter,424,0,Jeddah
Snell,Charles,Mattie,381,0,Jeddah
Nicoletti,Signe,Debra,381,3,Jeddah
Rapkin,Robert,Louis,420,1,Jeddah
Boughton,Teresa,Annette,126,1,Jeddah
Priddy,Ronald,Winford,416,1,Jeddah
King,Guadalupe,Arnold,346,0,Jeddah
Miller,Troy,Walter,417,1,Jeddah
Trout,Vivian,David,392,2,Jeddah
Pickett,Jill,Manuela,432,0,Jeddah
Crosland,Michael,Kevin,264,0,Jeddah
Foshee,Timothy,Edward,198,2,Jeddah
Hibbler,Ernesto,Jessie,384,0,Jeddah
Moorhead,Gregory,Stephanie,100,0,Jeddah
Reed,Kirsten,Thelma,282,3,Jeddah
Perez,Chris,John,452,0,Jeddah
Perez,Nancy,Bryan,327,2,Jeddah
King,Dennis,Joyce,219,2,Jeddah
Mills,David,Jeremy,492,2,Jeddah
Phillips,Dwight,Ruby,497,1,Jeddah
Shock,Alice,Shawn,383,0,Jeddah
Turner,Charlotte,Rhonda,103,0,Jeddah
Cruz,Sabrina,Brenda,236,1,Jeddah
Shumate,Alfreda,Darren,115,0,Jeddah
Mccary,Karey,Jennifer,151,2,Jeddah
Nuzum,Elaine,Virginia,440,3,Jeddah
Miller,Tracy,Rita,275,1,Jeddah
Debruyn,Roxanna,Jason,242,2,Jeddah
Foster,Leisha,Kevin,415,3,Jeddah
Whittaker,Jamie,Frankie,481,2,Jeddah
Hedges,Mary,Karen,100,2,Jeddah
Ruff,James,Brian,236,3,Jeddah
Dennehy,Ryan,Walter,119,2,Jeddah
Croley,Daniel,Kelley,372,3,Jeddah
Reed,Marvin,William,492,2,Jeddah
Deloach,Byron,Norma,472,2,Jeddah
White,Cynthia,Leona,292,3,Jeddah
Stollar,Ann,Julie,276,3,Jeddah
Cottrell,Charles,Cecilia,328,2,Jeddah
Davis,Anthony,Jason,268,2,Jeddah
Jones,Cathy,Thomasina,399,2,Jeddah
Payne,Nancy,Walter,457,2,Jeddah
Melendez,Edward,Don,216,2,Jeddah
Fernandez,Thomas,Stephen,389,3,Jeddah
Hubert,Desiree,Norma,496,3,Jeddah
Interrante,Annie,Henry,248,2,Jeddah
Hess,Dorothy,Lee,332,0,Jeddah
Hudson,Michael,Timothy,302,2,Jeddah
Barbosa,Philip,Ignacio,363,0,Jeddah
Blackburn,Lara,Jerald,427,0,Jeddah
Blair,Victor,Jeannette,309,0,Jeddah
Turbacuski,Leroy,Kim,446,3,Jeddah
Burdette,Steven,Marcia,143,2,Jeddah
Watford,Jesse,Micah,490,3,Jeddah
Parks,Antonio,James,350,1,Jeddah
Edwards,Kenneth,Ethel,148,0,Jeddah
Rangel,Flora,Kaye,350,1,Jeddah
Currier,Cora,Dorothy,205,0,Jeddah
Rister,Nora,Shaun,216,0,Jeddah
Richardson,Brian,Shannon,172,3,Jeddah
Wright,Donna,Raymond,236,2,Jeddah
Cantu,Dennis,Brady,339,1,Jeddah
Guy,Virginia,George,227,3,Jeddah
Waters,Jerry,Chante,203,2,Jeddah
Schroeder,Eddie,Dorothy,400,3,Jeddah
White,Carly,Joseph,477,3,Jeddah
Morace,Marie,John,203,1,Jeddah
Thornton,Carla,Amy,468,2,Jeddah
Stearns,Robin,Alfred,297,2,Jeddah
Way,Julie,James,331,3,Jeddah
Buisson,Stacie,Mary,258,2,Jeddah
Winn,James,Anthony,241,3,Jeddah
Grammer,Charlie,Bernard,444,2,Jeddah
Pekarek,Johnnie,Katie,441,2,Jeddah
Barnes,Mark,Tinisha,393,0,Jeddah
Barner,Clarence,Isabelle,185,0,Jeddah
Bryant,Barbara,Robert,448,2,Jeddah
Burwell,James,Heidi,428,3,Jeddah
Riddley,Clinton,Ricardo,442,2,Jeddah
Newell,Tony,Concepcion,189,3,Jeddah
Reed,Ella,Mary,341,3,Jeddah
Fricks,Freeman,Margaret,361,1,Jeddah
Key,Stephanie,Gregory,378,2,Jeddah
Mccubbin,Amy,John,363,1,Jeddah
Wilson,Howard,William,415,2,Jeddah
Hulsey,Candice,Carolyn,470,0,Jeddah
Rice,Stephen,David,381,1,Jeddah
Avery,Marshall,Agnes,138,3,Jeddah
Stein,Mistie,Carol,358,1,Jeddah
Lowe,Lois,Duane,283,1,Jeddah
Santi,Maria,Karen,314,1,Jeddah
Danford,George,Cynthia,237,0,Jeddah
Buchanan,Sabrina,Demetrius,250,3,Jeddah
Shipp,Patricia,Mercedes,141,3,Jeddah
Lamothe,Margaret,Easter,193,1,Jeddah
Huey,Dorothy,Araceli,336,3,Jeddah
Roby,Ian,Chad,200,2,Jeddah
Riner,Sharon,Helen,391,3,Jeddah
Lindsay,William,Irene,107,2,Jeddah
Shelton,William,Stephanie,127,2,Jeddah
Sandford,Monica,Anthony,346,2,Jeddah
Lucas,Charles,Jeff,160,3,Jeddah
Baumer,Alberta,Parker,399,0,Jeddah
Blackburn,Maura,Brian,147,2,Jeddah
Rogers,Gregory,James,150,3,Jeddah
Dodd,Robert,Della,173,1,Jeddah
Goodlett,Jo,Joe,355,0,Jeddah
Phelps,Daniel,Myrtle,461,0,Jeddah
Arcos,Robert,Lorie,405,1,Jeddah
Mccrary,Susan,Michael,292,1,Jeddah
Miller,Clarence,Latoya,477,2,Jeddah
Beals,Teresa,Jose,206,3,Jeddah
Poitra,Scott,John,274,0,Jeddah
Price,Thelma,Margaret,207,3,Jeddah
Andrade,Betty,Rosetta,315,0,Jeddah
Cole,Paul,Deanna,373,0,Jeddah
Cardoza,Chong,Matthew,376,1,Jeddah
Everette,Jessica,Patricia,316,0,Jeddah
Fong,Patricia,Donald,142,3,Jeddah
Hernandez,Wendell,Michael,174,2,Jeddah
Delamora,Lisa,Latasha,174,1,Jeddah
Lempke,Justin,Brenda,235,1,Jeddah
Erickson,Joseph,Terese,172,1,Jeddah
Woods,Maria,Craig,107,0,Jeddah
Salter,Richard,Ethel,139,3,Jeddah
Ballard,Joseph,Stephanie,355,0,Jeddah
Farish,Andrew,Beulah,225,0,Jeddah
Eberle,Yong,Kurt,323,0,Jeddah
Webb,Margaret,Claudia,439,3,Jeddah
Peterson,Blanche,Cynthia,335,0,Jeddah
Corney,Michael,Robert,279,2,Jeddah
Watts,George,James,179,0,Jeddah
Binder,Gilbert,Chad,341,3,Jeddah
Wight,Candice,Lilla,210,2,Jeddah
Truxler,Roy,Philip,228,3,Jeddah
Lattimer,Robert,Mirta,278,2,Jeddah
Dejulio,Douglas,Samuel,366,2,Jeddah
Dettloff,Lynn,Sandra,279,1,Jeddah
Loyd,Virginia,Mamie,317,3,Jeddah
Nguyen,Dan,Juan,147,3,Jeddah
Leighton,Minnie,Christian,108,2,Jeddah
Hensley,Hayley,Judith,216,0,Jeddah
Knoll,Jeffery,Lisa,413,2,Jeddah
White,Travis,Marie,190,3,Jeddah
Woodley,Helen,Beth,250,1,Jeddah
Ford,David,Margaret,143,0,Jeddah
Hargis,Georgia,Brenda,321,1,Jeddah
Brown,Rubye,Ross,454,2,Jeddah
Robbins,Joseph,Lawrence,447,3,Jeddah
Brinegar,Donna,Kenneth,439,3,Jeddah
Feldman,Carline,Travis,235,3,Jeddah
Glendening,Jason,Bob,183,0,Jeddah
Madison,David,Larry,355,3,Jeddah
Johnson,Mary,Richard,132,2,Jeddah
Price,James,Daisy,482,1,Jeddah
Cueto,Michael,Beatrice,114,2,Jeddah
Harmon,Garland,Daniel,325,3,Jeddah
Peay,Sharon,Jose,410,1,Jeddah
Black,Douglas,Kathleen,118,1,Jeddah
Rios,Jack,Marilynn,153,2,Jeddah
Whatley,Nathaniel,Mark,397,0,Jeddah
Santos,Karen,Emmett,227,1,Jeddah
Vazquez,William,Steven,364,2,Jeddah
Ford,Nancy,Catherine,410,2,Jeddah
Gilbert,Kelly,Aaron,319,1,Jeddah
Kelley,Roger,Janell,289,2,Jeddah
Schuckert,Erica,Steven,186,2,Jeddah
Oneal,Amanda,David,327,3,Jeddah
Ficklin,Kim,Vesta,489,1,Jeddah
Caldwell,Todd,Danny,413,3,Jeddah
Rutledge,Dane,Toney,253,3,Jeddah
Viruet,Maxine,Mary,442,1,Jeddah
Wolfe,Amanda,Barbara,131,3,Jeddah
Williams,Sindy,Tasha,447,0,Jeddah
Parker,Daniel,Pam,277,3,Jeddah
Jackson,Michael,Christen,214,2,Jeddah
Mccardle,Loraine,Mark,200,1,Jeddah
Gibson,Louise,Jaime,361,1,Jeddah
Brennan,Rene,Ned,378,3,Jeddah
Sackrider,Janet,Brandon,131,0,Jeddah
Alston,Neal,Berta,485,3,Jeddah
Mccracken,Kaitlin,Heath,132,1,Jeddah
Jones,Nancy,William,302,3,Jeddah
Huggard,Patricia,Austin,211,2,Jeddah
Maymi,Richard,Donna,335,2,Jeddah
Millen,Alicia,Morris,269,1,Jeddah
Cruz,Ora,Teresa,234,3,Jeddah
Presswood,Johnny,Richard,464,3,Jeddah
Layman,Norma,Dawn,147,1,Jeddah
Ortega,Eunice,Heather,277,3,Jeddah
Parikh,Howard,Dana,176,2,Jeddah
Thomas,Mike,Brenda,412,2,Jeddah
Tenaglia,Solomon,Sheila,337,3,Jeddah
Kanish,Duane,Debra,155,0,Jeddah
Hill,Sun,James,383,3,Jeddah
Molloy,William,Paula,305,2,Jeddah
Feinstein,Stacy,Michael,208,2,Jeddah
Follick,Shannon,Jimmy,163,2,Jeddah
Miller,Pedro,Viola,382,1,Jeddah
Zaller,Mindy,Leona,297,1,Jeddah
Nance,George,Sarah,142,0,Jeddah
Goss,Thomas,Jana,336,2,Jeddah
Kerr,Anna,Aracely,395,3,Jeddah
Sampson,Agnes,Joseph,194,3,Jeddah
Stargel,Derek,Julia,327,1,Jeddah
Loynes,Christa,Angela,213,1,Jeddah
Patterson,Jodi,Joe,278,1,Jeddah
Bijou,Arturo,Alice,144,0,Jeddah
House,Benjamin,Latanya,201,3,Jeddah
Moore,Julie,Richard,114,2,Jeddah
Kolb,Frank,Ernest,473,1,Jeddah
Mccloud,Peter,Ezra,154,0,Jeddah
Barnett,Donna,Allen,372,2,Jeddah
Farmer,Dana,Stephen,246,1,Jeddah
Gray,Olivia,Dan,407,3,Jeddah
Spraggins,James,Barry,129,2,Jeddah
Craven,Julia,Carmen,106,2,Jeddah
Gholston,Venita,Maria,333,1,Jeddah
Hirsch,John,Darlene,205,3,Jeddah
Lazzari,Gregory,Adam,137,1,Jeddah
Jones,Irene,Ophelia,338,3,Jeddah
Gerhart,Jason,Maria,100,0,Jeddah
Schulz,Joe,Amanda,463,3,Jeddah
Scott,Dolores,Adam,303,1,Jeddah
Harrison,Lisa,Georgia,277,2,Jeddah
Mervyn,Barbara,Donald,136,2,Jeddah
Tester,Hong,Denny,499,3,Jeddah
Keys,Annabell,Kyle,179,2,Jeddah
Clark,Sally,William,284,2,Jeddah
Ledesma,Patricia,Viola,444,3,Jeddah
Dennis,Paula,Gerard,272,0,Jeddah
Leggett,Chester,Ruth,152,3,Jeddah
Colarusso,Madeline,Adrian,113,1,Jeddah
Johnson,Rufus,William,217,2,Jeddah
Thomas,Deborah,Susan,481,3,Jeddah
Korn,Kelly,Eddie,406,3,Jeddah
Brass,Shannon,Pedro,339,2,Jeddah
Jamison,George,Keith,441,0,Jeddah
Fulton,Jeremy,Corina,169,2,Jeddah
Goodall,Dawn,Rachel,220,1,Jeddah
Laplante,Dianne,Theresa,223,2,Jeddah
Hart,Howard,Christopher,168,1,Jeddah
Bell,Dale,Tuan,138,3,Jeddah
Bright,Cassandra,Ruth,475,3,Jeddah
Becker,John,Margie,193,3,Jeddah
Ransom,Miguel,Kathy,462,3,Jeddah
Roseberry,Curtis,Rita,198,1,Jeddah
Orefice,Eli,Jeffrey,461,1,Jeddah
Lizarraga,Alan,Deborah,388,3,Jeddah
Stewart,James,Amy,339,3,Jeddah
Williams,Martha,Jose,389,2,Jeddah
Mcneal,Olive,Ken,341,0,Jeddah
Cleary,Caroline,Wendi,472,1,Jeddah
Zacarias,Thomas,Anne,452,0,Jeddah
Burke,Gonzalo,Maria,136,0,Jeddah
Keeley,Joe,Sabrina,345,0,Jeddah
Campbell,Ginger,Jayne,109,3,Jeddah
Jeannotte,Rebecka,Elizabeth,393,2,Jeddah
Hixson,Margarito,Craig,111,2,Jeddah
Gallegos,William,Alana,447,1,Jeddah
Greene,Anthony,Carmela,233,0,Jeddah
Young,Harry,Krystal,486,3,Jeddah
Trexler,Tabitha,Johnathan,318,3,Jeddah
Mayberry,Howard,Edward,248,2,Jeddah
Avery,Raul,Celia,113,3,Jeddah
Colbert,Gilberto,Ervin,325,1,Jeddah
Kramer,Cynthia,Lewis,206,3,Jeddah
Shalash,Thomas,Harvey,479,1,Jeddah
Reardon,Angela,Carol,444,1,Jeddah
Hobbs,Hallie,Edie,144,1,Jeddah
Lucas,Otis,Gerardo,164,1,Jeddah
Allmon,Freda,Paul,128,3,Jeddah
Messina,Lisa,Denise,145,3,Jeddah
Higdon,Clarence,Deborah,418,0,Jeddah
Wilson,Russell,Linda,307,3,Jeddah
Wright,Jill,Crystal,340,3,Jeddah
Franco,Rosa,Glenda,434,1,Jeddah
Morris,Marguerite,Raul,191,1,Jeddah
Killian,Jeanette,Joseph,368,2,Jeddah
Rivera,Merrill,Lynn,176,3,Jeddah
Jobe,Don,Marion,320,1,Jeddah
Davis,Cecilia,Mary,363,2,Jeddah
Root,Robyn,Karina,412,1,Jeddah
Mckay,Earl,James,313,0,Jeddah
Byrd,Sadie,Lorraine,406,2,Jeddah
Kitchen,Larry,Jeannine,263,0,Jeddah
Cipolla,Clifford,Arthur,397,2,Jeddah
Cutwright,Mark,Candace,376,2,Jeddah
Burke,Martin,Brandon,231,0,Jeddah
Dombrowski,Clyde,Linda,123,3,Jeddah
Smith,Rodney,Keith,473,1,Jeddah
Powell,Charles,Beverly,436,0,Jeddah
Castro,Erica,Jose,490,3,Jeddah
Grandy,Ronald,Nellie,451,1,Jeddah
Greene,Amy,James,306,1,Jeddah
Burden,Scott,Fred,302,1,Jeddah
Neveu,Laura,Cathy,287,1,Jeddah
Dietrich,Diana,Delores,109,0,Jeddah
Vo,Edwin,Luz,431,1,Jeddah
Rummler,Neil,Myrtle,466,0,Jeddah
Cooper,Lance,Tiffanie,198,0,Jeddah
Pregler,Donald,Patricia,385,2,Jeddah
Smith,Neil,Timothy,233,3,Jeddah
Doss,Charles,Lia,492,2,Jeddah
Marmo,Albert,Andrea,485,3,Jeddah
Peterson,Robert,Allyson,392,0,Jeddah
Giacomini,Dennis,Robert,302,2,Jeddah
Franco,Emma,Reda,366,2,Jeddah
Burger,Frank,Paula,338,3,Jeddah
Lindsay,Douglas,Jamie,152,2,Jeddah
Nurse,John,Ann,358,1,Jeddah
Johnson,Kellie,Sheila,318,3,Jeddah
Jordan,George,Mary,246,0,Jeddah
Derrick,James,Dominick,298,1,Jeddah
Bible,Mona,Amanda,464,0,Jeddah
Hark,Ingrid,Ronald,474,3,Jeddah
Williams,Heather,Jennifer,267,3,Jeddah
Valencia,Treva,Whitley,421,1,Jeddah
Dietrick,Jason,Christina,131,2,Jeddah
Miller,Michelle,Allen,359,2,Jeddah
Hesser,Mary,Leonard,352,1,Jeddah
Snyder,Jennie,Margaret,313,2,Jeddah
Waters,Estella,Jimmy,390,3,Jeddah
Felton,Nicholas,Timothy,121,1,Jeddah
Dollar,Gaye,Marion,457,0,Jeddah
Markis,Sherry,Susie,304,3,Jeddah
Torres,Theresa,Michael,270,1,Jeddah
Brown,Rebecca,Jennifer,333,3,Jeddah
Gray,Raymond,Robert,183,0,Jeddah
Dodd,Benjamin,Ada,289,2,Jeddah
Spatz,Boyd,Eric,182,2,Jeddah
Satterfield,James,Ida,124,3,Jeddah
Lee,Vera,Alisa,313,2,Jeddah
Foster,Tara,Carol,491,2,Jeddah
Sinisi,Gloria,Patricia,452,1,Jeddah
Partin,Frankie,Jerome,115,0,Jeddah
Delong,Stephen,David,169,0,Jeddah
Valdes,Kimberly,Nathan,165,2,Jeddah
Levin,Gloria,Mary,196,1,Jeddah
Foster,Elizabeth,Raymond,273,3,Jeddah
Martin,Lila,John,455,2,Jeddah
Mcdevitt,Gary,Thomas,488,2,Jeddah
Buckley,Lila,Laura,434,2,Jeddah
Houge,Geraldine,Sheila,370,0,Jeddah
White,Earl,James,184,1,Jeddah
Anderson,Chris,Edgar,352,1,Jeddah
Stoll,Marie,Candice,327,1,Jeddah
Eoff,Christopher,Peter,146,1,Jeddah
Cser,David,John,223,0,Jeddah
Spruill,Maria,Shawn,326,0,Jeddah
Perry,Rick,Katherine,290,1,Jeddah
White,Hazel,Russell,411,2,Jeddah
Grumet,Linda,William,479,3,Jeddah
Lashley,Josefina,Brian,446,2,Jeddah
Stanford,Theodore,Ken,333,2,Jeddah
Damour,Evelyn,Somer,301,0,Jeddah
Mckneely,Debra,Curtis,368,2,Jeddah
Larsen,Calvin,Carolyn,244,1,Jeddah
Thull,Allison,Fred,138,1,Jeddah
Dallas,Joseph,David,335,3,Jeddah
Shuttleworth,Marina,Lupe,152,0,Jeddah
Carney,Emily,Oscar,349,3,Jeddah
Rice,David,Brooke,448,0,Jeddah
Mann,Kelly,Micaela,184,0,Jeddah
Steel,Jennifer,Mary,303,0,Jeddah
Arnold,Derrick,Benito,298,0,Jeddah
Long,Ali,Jacob,485,3,Jeddah
Lee,Kenneth,Andrew,160,1,Jeddah
Kirby,Paula,Christopher,224,0,Jeddah
Francis,Maria,Jeffrey,442,3,Jeddah
Stoute,Billy,Sharilyn,369,0,Jeddah
Bradley,Terry,Francis,149,0,Jeddah
White,Thelma,Miranda,241,0,Jeddah
Irion,Jeffrey,Jeffrey,434,0,Jeddah
Bergstresser,Margaret,Sandra,440,2,Jeddah
Minutillo,Pattie,Robert,434,1,Jeddah
Decker,Pedro,Rosaline,113,2,Jeddah
Mangham,Darlene,Benjamin,443,1,Jeddah
Garza,Harvey,Lauren,403,1,Jeddah
Titcomb,Perry,David,338,0,Jeddah
Velez,Roxana,Johnny,187,1,Jeddah
Kyung,Crystal,Raymond,457,1,Jeddah
Bottom,Linda,Ruth,373,1,Jeddah
Owens,Michael,George,362,2,Jeddah
Jones,Olga,Velma,279,3,Jeddah
Lewis,Paul,Gordon,430,1,Jeddah
Webster,Emily,Denise,195,0,Jeddah
Lambes,Derek,Kimberly,181,2,Jeddah
Zeff,Conrad,William,391,0,Jeddah
Palacios,Cora,Ethel,421,0,Jeddah
Huseby,Seth,Audrey,390,0,Jeddah
Thomas,Anthony,Bernita,167,2,Jeddah
Salazar,Brian,Willis,202,2,Jeddah
Bramlet,Ann,Rhonda,334,1,Jeddah
Turton,Kevin,Jennifer,484,3,Jeddah
Fields,Jeanne,Janet,465,2,Jeddah
Coronel,June,Christopher,339,1,Jeddah
Mitchell,Allen,Alice,136,3,Jeddah
Cavazos,Elva,Kristy,425,1,Jeddah
Davis,Walter,Lisa,284,2,Jeddah
Eliott,Sarah,Donald,278,0,Jeddah
Alston,Julia,Felicia,136,3,Jeddah
Tartaglione,Charles,Cruz,210,3,Jeddah
Kirk,Wayne,Dan,204,3,Jeddah
Washing,Lamar,Lula,435,1,Jeddah
Smith,Traci,Debra,166,0,Jeddah
Millwood,Kandice,John,236,1,Jeddah
Bulger,Edna,Frank,287,3,Jeddah
Brown,Kris,Manuel,198,3,Jeddah
Corson,Lindsey,Henry,228,2,Jeddah
Harris,Mary,Patricia,146,3,Jeddah
Kerr,Garth,Renee,433,1,Jeddah
Deisher,Marsha,Gerald,267,3,Jeddah
Steib,Cynthia,Harold,107,0,Jeddah
Heckman,William,Frank,432,0,Jeddah
Hudson,Jacob,Frank,165,0,Jeddah
Johnson,Carolyn,Shauna,221,1,Jeddah
Woodhouse,Ralph,Barbara,474,2,Jeddah
Wilson,Patrick,Douglas,120,1,Jeddah
Creekmur,Victoria,Jean,246,1,Jeddah
Martino,Brian,Kenneth,247,2,Jeddah
Pate,Joy,Kori,263,1,Jeddah
Rogers,Alan,James,409,1,Jeddah
Summers,Cynthia,Bobby,192,1,Jeddah
Sells,Melvin,Jake,346,2,Jeddah
Burgess,Inez,Lucille,138,1,Jeddah
Sanchez,Brian,Heather,380,3,Jeddah
Seawell,Beatrice,David,117,0,Jeddah
Mosely,Ronald,Christopher,288,1,Jeddah
Towler,Lorenzo,Kenneth,158,1,Jeddah
Jeffrey,Mary,Guy,178,2,Jeddah
Fagan,David,Tim,207,3,Jeddah
Jackson,Georgia,Ana,167,2,Jeddah
Smith,Johnny,Janice,472,2,Jeddah
Scaglione,William,Jason,145,2,Jeddah
Eubank,Brenda,Paul,207,3,Jeddah
Yannone,Jan,Myron,283,1,Jeddah
Nelson,Allison,Mary,289,2,Jeddah
Spicer,Kristi,Mary,145,0,Jeddah
Sutch,Dick,Brent,281,2,Jeddah
Mixon,Archie,Marina,329,3,Jeddah
Allen,Herschel,Nancy,131,2,Jeddah
Cooper,Meghan,Oscar,323,2,Jeddah
Mcgee,Damian,Brett,421,2,Jeddah
Shade,Albertine,Tracy,424,2,Jeddah
Phillips,Dominique,Connie,364,1,Jeddah
Heffner,Jason,Andrew,353,0,Jeddah
Rockett,Ricky,Grace,360,0,Jeddah
Case,Adam,Bernard,363,3,Jeddah
Boyter,Michael,Julian,289,3,Jeddah
Calvert,Linda,Philip,382,0,Jeddah
Mccluskey,Anneliese,Angela,284,3,Jeddah
Chu,Roberta,Diana,275,3,Jeddah
Hicks,Barbara,William,362,0,Jeddah
Horn,Vernia,William,142,2,Jeddah
Lanier,Eric,Joyce,433,2,Jeddah
Lafleur,Edward,Jon,123,2,Jeddah
Latham,Bridget,James,183,3,Jeddah
Waterbury,Lisa,Cathy,252,3,Jeddah
Gibbons,Marsha,Sandra,436,3,Jeddah
Rodriguez,Regina,Debra,418,3,Jeddah
Miller,Christopher,Douglas,372,0,Jeddah
Vargas,Guy,Stephen,250,1,Jeddah
Murray,Wayne,Ernest,100,0,Jeddah
Hardin,Rico,Valentin,290,2,Jeddah
Braley,Carolyn,Gary,241,0,Jeddah
Rains,Barbara,Georgine,427,0,Jeddah
Millison,Myrtle,Patrick,411,3,Jeddah
Wilcox,Stephen,Gloria,136,2,Jeddah
Duncan,Jacqueline,Harley,106,2,Jeddah
Schantz,Deborah,Tony,273,3,Jeddah
Paxson,Jerry,Gary,290,3,Jeddah
Garcia,Judson,Donna,155,3,Jeddah
Haid,Randolph,Lena,429,0,Jeddah
Manning,Carolyn,Jeremy,265,0,Jeddah
Juarez,Earnest,Nicholas,224,2,Jeddah
Schwab,William,Nancy,393,2,Jeddah
Fagan,Iva,Janet,473,1,Jeddah
Ferry,Mabel,Agnes,340,3,Jeddah
Kisner,Rae,Erica,112,1,Jeddah
Drennan,Derick,Edward,397,2,Jeddah
Carter,Antionette,Mary,360,3,Jeddah
Cooper,Richard,Marie,410,3,Jeddah
Natera,Dorothea,Kathy,201,1,Jeddah
Orton,Keith,Maude,499,0,Jeddah
Young,Ralph,Herman,345,0,Jeddah
Middleton,Linda,William,454,0,Jeddah
Webster,Billy,James,138,2,Jeddah
Chevas,Mark,Julie,279,1,Jeddah
Roberson,John,George,123,0,Jeddah
Rothschild,David,Thomas,308,2,Jeddah
Buchanan,Philip,Tiffany,316,0,Jeddah
Nelson,Craig,Travis,220,3,Jeddah
Gralak,Paul,Darren,141,0,Jeddah
Russell,Marvin,Michelle,330,0,Jeddah
Sheehan,Collette,Henry,255,0,Jeddah
England,Alice,James,380,2,Jeddah
Bradley,Charles,Micah,168,0,Jeddah
Botto,Angel,Nicole,343,3,Jeddah
Kolle,Juan,Shirley,398,3,Jeddah
Gaspar,Anne,Joel,152,0,Jeddah
Campbell,Judith,Erica,424,3,Jeddah
Hansen,Diane,David,388,0,Jeddah
Newby,Joel,Jose,149,3,Jeddah
Elliott,Tina,Paul,105,0,Jeddah
Albrecht,John,Mary,135,1,Jeddah
Huff,Anna,Nathan,288,2,Jeddah
Billings,Emily,Margarito,238,3,Jeddah
Morse,Reggie,Dennis,210,0,Jeddah
Forsythe,Francine,Thomasine,341,3,Jeddah
Munoz,Beverly,Devon,333,1,Jeddah
Makhija,David,Rachel,372,1,Jeddah
Beckley,James,Robert,231,1,Jeddah
Carey,Mary,Donald,196,3,Jeddah
Ginter,Dominique,Elia,481,0,Jeddah
Bush,Jimmy,Teri,228,2,Jeddah
Reich,Micheal,Allison,347,2,Jeddah
Jacobs,Nathan,Gloria,311,0,Jeddah
Song,Margaret,Ileana,180,0,Jeddah
Gunning,Gloria,Eddie,270,0,Jeddah
Boyd,Monty,John,241,2,Jeddah
Foreman,Kandi,Alberto,374,3,Jeddah
Bailey,Edward,Luella,243,2,Jeddah
Rego,Jan,Daniel,323,0,Jeddah
Howe,Louise,Elsie,444,2,Jeddah
Lanier,Kenneth,Major,184,3,Jeddah
Swartz,Julie,Kathryn,370,3,Jeddah
Cox,Iris,Lisa,270,1,Jeddah
Grizzard,Gerald,Edwina,169,0,Jeddah
Fiala,Glenna,Shirley,282,2,Jeddah
Jones,Robert,Marcus,215,1,Jeddah
Mangum,Remona,Robin,111,3,Jeddah
Buel,Norma,Bessie,356,0,Jeddah
Rominger,Silvia,Laura,237,0,Jeddah
March,Karen,Roberto,473,3,Jeddah
Bennett,Olga,Fredrick,266,1,Jeddah
Hill,Jessica,Rocco,220,3,Jeddah
Williams,Helene,Richard,366,0,Jeddah
Hart,Ryan,Travis,420,0,Jeddah
Johnston,Troy,Brian,313,1,Jeddah
Gregory,Pauline,Ella,125,3,Jeddah
Bradley,Mary,Roy,270,3,Jeddah
Britt,Peter,Moses,308,0,Jeddah
Lyons,Laura,Harriet,329,0,Jeddah
Bates,Rita,Elizabeth,481,1,Jeddah
Bower,Michelle,Daniel,311,0,Jeddah
Bishop,Marilu,Lois,208,0,Jeddah
Ahrens,Walter,Carissa,168,3,Jeddah
Rake,Mark,Nina,206,1,Jeddah
Roe,Mark,Jane,206,0,Jeddah
Reynolds,Frank,Bernadette,500,2,Jeddah
Bailey,Jamie,David,492,2,Jeddah
Mullen,Steven,Troy,357,3,Jeddah
Langlois,George,Keith,254,3,Jeddah
Quinn,John,Carol,496,3,Jeddah
Tipton,Darin,Scarlett,285,2,Jeddah
Foulks,James,Anna,500,2,Jeddah
Wallace,Thelma,Thomas,115,2,Jeddah
Friedt,David,Jerry,285,2,Jeddah
Owsley,Willie,Chelsea,235,0,Jeddah
Huddleston,Mary,Leonard,167,1,Jeddah
Newyear,Lorraine,Paula,263,0,Jeddah
Johnson,Michael,Robert,202,0,Jeddah
Cornell,Gary,Shirley,364,0,Jeddah
Mayfield,Linda,Trudy,182,3,Jeddah
Shook,Margaret,George,273,0,Jeddah
Pilkenton,Roy,Doris,158,1,Jeddah
Lambert,Fredrick,Richard,347,1,Jeddah
Chicoine,Judith,Mark,478,0,Jeddah
Rodriquez,Andrea,Kristi,497,0,Jeddah
Steik,Andria,Robert,262,0,Jeddah
Brown,Andrew,Ronnie,133,2,Jeddah
Ruper,Mae,William,221,3,Jeddah
Cooper,James,Dorothy,287,0,Jeddah
Watts,Joseph,William,105,2,Jeddah
Gordon,Mark,John,465,1,Jeddah
Glantz,Margaret,Shannon,340,3,Jeddah
Carswell,Allen,Barbara,154,0,Jeddah
Ely,Douglas,Jesse,124,1,Jeddah
Johnson,Janelle,David,189,1,Jeddah
Hurd,William,Ellis,114,3,Jeddah
Titus,Jeffrey,Daniel,117,0,Jeddah
Pence,Demetrius,Jan,407,2,Jeddah
Owens,Keith,Charlene,481,1,Jeddah
Leising,Alyce,Jessica,447,0,Jeddah
Legace,Barbara,Avis,104,3,Jeddah
Clymer,Ryan,Guillermo,449,3,Jeddah
Perry,Virginia,Louise,194,2,Jeddah
Arnett,Mary,Latrisha,417,1,Jeddah
Ruffner,Chris,Awilda,364,2,Jeddah
Farrington,Michelle,Joanne,194,1,Jeddah
Dant,Bertie,Mildred,480,2,Jeddah
Olivarez,April,Edmund,439,2,Jeddah
Phillips,Tonya,Emelda,238,1,Jeddah
Milligan,Susan,Lois,456,2,Jeddah
Barnes,Sarah,Thomas,247,2,Jeddah
Knutson,Emmitt,Jason,443,1,Jeddah
Alewine,Tony,Douglas,490,0,Jeddah
Hatley,Deana,Betty,364,0,Jeddah
Wolff,Barbara,Marguerite,169,1,Jeddah
Fernandez,Jason,Harold,182,0,Jeddah
Swanigan,Jeffrey,Alice,138,1,Jeddah
Robinson,George,Philip,321,2,Jeddah
Fenstermaker,Robert,Robert,489,2,Jeddah
Koehler,Maryann,Annie,499,3,Jeddah
Houston,Tara,Donald,125,3,Jeddah
Rishel,Danielle,Christopher,213,2,Jeddah
Hortin,Richard,Barbara,224,1,Jeddah
Schiffelbein,Carter,Ramon,168,0,Jeddah
Hannah,Felipa,Susan,380,2,Jeddah
Edmonds,Jeremy,Diane,210,0,Jeddah
Omalley,Ruth,Amy,215,3,Jeddah
Pineda,Brian,Craig,373,2,Jeddah
Hill,William,Lynn,250,3,Jeddah
Clendenin,Jay,Michael,222,0,Jeddah
Stewart,Joseph,Tessa,229,3,Jeddah
Chambliss,Russell,Ehtel,450,2,Jeddah
Arbogast,Charles,Amanda,266,2,Jeddah
Mccurry,Mary,John,367,3,Jeddah
Martinez,Jimmy,William,419,1,Jeddah
Gordon,James,Bobby,331,1,Jeddah
Ullmann,Morgan,James,359,3,Jeddah
Sills,Leland,Diane,138,3,Jeddah
Johnson,Cynthia,Maxie,137,0,Jeddah
Lloyd,Josephine,Isabel,138,0,Jeddah
Burroughs,Mary,Charles,340,3,Jeddah
Ornelas,Christa,Beatriz,483,3,Jeddah
Huggins,John,Larry,216,2,Jeddah
Nance,Cynthia,Joe,469,2,Jeddah
Spears,Raymond,Tiffany,317,2,Jeddah
Ard,Pamela,Patricia,166,1,Jeddah
Malinowski,Susan,Gerald,401,2,Jeddah
Barber,Sheila,Ruth,336,0,Jeddah
Ahearn,Javier,Wendy,179,0,Jeddah
Carr,Marianne,James,257,2,Jeddah
Doran,Bruce,Micheal,214,2,Jeddah
Stamand,Ted,Linda,210,1,Jeddah
Eichberger,Deborah,Willie,347,1,Jeddah
Yardley,Yadira,Sabrina,416,3,Jeddah
Anderson,Chia,Charles,495,1,Jeddah
Baker,Nettie,Jerry,470,1,Jeddah
Anderson,Pasquale,Nellie,230,0,Jeddah
Oleary,Charles,Kathyrn,150,1,Jeddah
Williams,Francis,Emmy,135,1,Jeddah
Gagne,Marsha,Danial,127,1,Jeddah
Resh,Herman,Ann,313,1,Jeddah
Ledoux,Rita,Lee,445,1,Jeddah
Beirne,Sabrina,Pamela,327,3,Jeddah
Rowley,Terry,Larry,304,0,Jeddah
Yamashiro,James,Craig,427,0,Jeddah
Golden,Jason,Joseph,499,0,Jeddah
Chilton,Brian,John,116,2,Jeddah
Louie,Henrietta,Demetrius,146,1,Jeddah
Glenn,John,Jenifer,161,3,Jeddah
Waters,Jesse,John,147,1,Jeddah
Smith,Megan,David,403,1,Jeddah
Smith,Barbara,Leroy,457,2,Jeddah
Ramos,Heather,Kennith,258,3,Jeddah
Montney,Rosa,James,317,2,Jeddah
Peng,Annie,Ray,438,3,Jeddah
Hale,Claire,Rodney,234,1,Jeddah
Odell,Emilio,John,193,0,Jeddah
Polly,Tanya,Kent,337,3,Jeddah
Vanzant,Francisco,Shawna,332,2,Jeddah
Tabor,Carl,Patricia,271,1,Jeddah
Paton,Daniel,Bennie,236,2,Jeddah
Martinez,August,Kathlyn,350,3,Jeddah
Sparks,Kristin,Greg,117,0,Jeddah
Arthur,Brain,Gene,310,1,Jeddah
Villegas,Emil,William,185,1,Jeddah
Scott,Beverly,Michael,482,2,Jeddah
Mcmann,Lee,Kathleen,301,2,Jeddah
Zarella,Mark,Hazel,343,3,Jeddah
Harkey,Eric,Bertha,214,2,Jeddah
Holmes,Richard,Joyce,390,2,Jeddah
Armstrong,Earl,Glenn,198,1,Jeddah
Johnson,Marisol,Michael,297,1,Jeddah
Lightner,Dorothy,Amanda,499,0,Jeddah
Huggins,Sonya,Mary,386,2,Jeddah
Brooks,Pia,Charles,185,0,Jeddah
Rock,Daniel,Anne,342,2,Jeddah
Palmer,Cynthia,Dawn,368,1,Jeddah
Domino,Jeraldine,Doris,479,3,Jeddah
Smith,Billy,Amy,498,0,Jeddah
Fernandez,Russell,Harold,324,0,Jeddah
Miller,Edward,Fannie,469,2,Jeddah
Buffington,Charles,Rosemarie,261,0,Jeddah
Talmage,James,Veronica,182,1,Jeddah
Murphy,George,Mary,385,0,Jeddah
Morado,Cynthia,Derrick,284,3,Jeddah
Shadle,Reginald,Edward,256,1,Jeddah
Keller,Lori,Angela,148,0,Jeddah
Rowley,Clayton,Lewis,199,0,Jeddah
Robinson,Janis,Sibyl,429,0,Jeddah
Esposito,Allison,Tom,281,2,Jeddah
Palmer,Frank,Thomas,407,0,Jeddah
Chambers,Ross,Donna,253,3,Jeddah
Deno,Joseph,Sandra,359,3,Jeddah
Montgomery,Marvin,Denise,335,3,Jeddah
Clairmont,Victoria,Theresa,464,3,Jeddah
Clark,Rita,Ignacio,128,0,Jeddah
Norton,Elaine,Harvey,131,0,Jeddah
Simmons,Martha,Anne,372,3,Jeddah
Graham,Sheldon,Lawrence,372,2,Jeddah
Robinson,Nicholas,Brian,434,2,Jeddah
Munoz,Alexander,John,373,2,Jeddah
Watkins,Lonnie,Miguel,411,3,Jeddah
Dickison,Christie,Socorro,440,3,Jeddah
Alden,Cynthia,Ian,157,1,Jeddah
Lachance,Kenneth,Dorothy,299,3,Jeddah
Wentzloff,Brian,Thomas,459,0,Jeddah
Cranmer,John,Viola,458,2,Jeddah
Smith,Harry,Jeff,321,2,Jeddah
Sivak,Luana,Steven,384,0,Jeddah
Mason,Marsha,Ethel,425,0,Jeddah
Freeman,Jane,Chris,411,0,Jeddah
Mason,Robert,Peter,424,3,Jeddah
Paulk,Timothy,Geraldine,180,0,Jeddah
Cornish,Mark,Thomas,184,3,Jeddah
Vanhuss,Roberta,Rebekah,334,0,Jeddah
Mallow,Courtney,Josephine,448,3,Jeddah
Rodriquez,Rodrigo,Rebecca,295,3,Jeddah
Fong,Jean,Chuck,190,2,Jeddah
Rittinger,Constance,Scott,284,0,Jeddah
Ricci,Jeri,Ladonna,422,2,Jeddah
Perez,Ruby,Eloise,304,0,Jeddah
Vinci,Mitchell,Emmanuel,296,1,Jeddah
Thomas,Leslie,Eleanor,243,3,Jeddah
Dixon,James,John,405,2,Jeddah
Wanty,Scott,Victor,183,1,Jeddah
Carpenter,Caren,Danilo,245,3,Jeddah
Mangan,Joseph,James,439,0,Jeddah
Muni,Martin,Robert,388,3,Jeddah
Spaulding,Cecil,Wanda,300,2,Jeddah
Buchholz,Christina,Mary,279,1,Jeddah
Sanders,Elias,Genoveva,269,3,Jeddah
Franklin,Rose,James,229,1,Jeddah
Dooley,Rosa,Dustin,245,3,Jeddah
Paulsen,Derrick,Philomena,148,3,Jeddah
West,Trevor,Tina,119,1,Jeddah
Sheets,Barbara,Tommy,372,2,Jeddah
Gregor,Darnell,Carmen,458,3,Jeddah
Whaley,Cherie,Michael,209,2,Jeddah
Christie,Edward,Neal,165,2,Jeddah
Postell,Lawrence,Edward,226,1,Jeddah
Turner,Francine,Christie,319,1,Jeddah
Martin,Micah,Anthony,103,1,Jeddah
Macdowell,Irma,Billy,469,1,Jeddah
Lucas,Danielle,Mary,275,2,Jeddah
Sparks,Queen,Russell,490,3,Jeddah
Rose,James,Sandra,407,1,Jeddah
Mendez,Max,Holly,179,1,Jeddah
Mcgregor,Deanna,Grace,462,1,Jeddah
Brown,Susan,Marcia,285,2,Jeddah
Rufe,Terry,Brian,235,0,Jeddah
Whitaker,Johnny,Barbara,338,2,Jeddah
Richardson,Elba,Timothy,489,3,Jeddah
Miller,Delorse,Carol,493,2,Jeddah
Rodriguez,Maxwell,Linda,196,3,Jeddah
Dodd,Haley,Ronald,455,0,Jeddah
Stepnowski,Katherine,Jeffrey,267,2,Jeddah
Blais,Valerie,Allyson,431,0,Jeddah
Hollaway,Lucille,Austin,196,3,Jeddah
Mathews,April,Maureen,477,0,Jeddah
Witherite,Eugene,Yu,360,1,Jeddah
Bonner,Sean,Charleen,387,2,Jeddah
Vig,Maria,Celeste,246,0,Jeddah
Lambert,Linda,Herbert,286,1,Jeddah
Davis,Edna,Patricia,110,0,Jeddah
Morris,Deborah,Gail,433,2,Jeddah
Shull,Jennifer,Lawrence,404,1,Jeddah
Crosby,Gabriel,John,346,1,Jeddah
Summers,John,Margie,159,2,Jeddah
Deslauriers,Denise,Ryan,481,1,Jeddah
Whitley,Richard,Elizabeth,178,1,Jeddah
Hodges,Estella,Vera,404,1,Jeddah
Gentry,John,Sue,351,1,Jeddah
Anderson,Ethel,Shaniqua,101,0,Jeddah
Hollenbeck,Michele,Santos,201,1,Jeddah
Hansen,Ronald,Leone,246,0,Jeddah
Patterson,Chad,Carol,463,2,Jeddah
Muhammad,Tina,Jessie,198,3,Jeddah
Jones,Candace,Michele,137,2,Jeddah
Trainor,James,Edward,298,0,Jeddah
Doles,Craig,Juliette,261,0,Jeddah
Whitchurch,Alex,Harold,229,3,Jeddah
Molitor,Nida,David,241,2,Jeddah
Robichaux,Werner,Kim,370,2,Jeddah
Salada,Jonathon,Nancy,138,1,Jeddah
Elizalde,Walter,Daniel,275,1,Jeddah
Conner,Krista,Jean,432,3,Jeddah
Mierzwiak,Ronald,James,344,3,Jeddah
Carter,Kit,Roy,408,1,Jeddah
Thomas,Thomas,George,349,1,Jeddah
Fairbank,Isabel,Lisa,215,0,Jeddah
Cannon,Kathy,Edward,420,3,Jeddah
Mclean,Patricia,Walter,162,3,Jeddah
Mccoy,Carl,Delphine,133,1,Jeddah
Tracy,Brian,Roger,281,0,Jeddah
Deason,James,Janis,255,3,Jeddah
Lewis,Doris,William,448,1,Jeddah
Anchondo,Linda,Paul,395,3,Jeddah
Parras,Brenda,Ryan,168,0,Jeddah
Meierhofer,Peggy,Christopher,324,0,Jeddah
Birkland,Harold,Charles,495,3,Jeddah
Herrera,Allen,James,338,3,Jeddah
Pulver,Esther,Debra,152,3,Jeddah
Brashears,Jefferson,Donald,215,1,Jeddah
Lajoie,Jessica,Gloria,410,1,Jeddah
Martinez,Robert,Michell,118,3,Jeddah
Oliver,Casey,Lakesha,477,0,Jeddah
Mcnealy,Liz,Christopher,483,0,Jeddah
Ocegueda,Allene,Carrie,196,3,Jeddah
Jose,Chad,Michael,481,2,Jeddah
Shy,Traci,Pamela,238,3,Jeddah
Brown,Sandra,Jamie,105,3,Jeddah
Frick,Margaret,Elaina,437,3,Jeddah
Troche,Lynn,Richard,111,0,Jeddah
Roswell,Lettie,David,353,3,Jeddah
Wong,Betty,Brandon,427,3,Jeddah
Fike,Lawrence,Donald,469,1,Jeddah
Curles,Donald,Lois,486,2,Jeddah
Holmes,Maryanne,Kenneth,352,1,Jeddah
Lane,Erin,Gwendolyn,107,3,Jeddah
Zepeda,Roberta,Howard,171,2,Jeddah
Jones,Dana,Mae,452,2,Jeddah
Webb,Alvin,Alex,129,1,Jeddah
Bachorski,Carolyn,Christopher,319,2,Jeddah
Morrison,Charles,Chester,265,3,Jeddah
Wischmeier,Raymond,Larry,408,3,Jeddah
Clark,Andrew,Mary,127,1,Jeddah
Johnson,Genevieve,Shaina,388,2,Jeddah
Sparks,Isabel,Robert,127,3,Jeddah
Needels,Deborah,Hazel,178,3,Jeddah
Love,Larry,Nelson,214,0,Jeddah
Ryan,Stephanie,Maurice,273,1,Jeddah
Patterson,Arthur,Mary,260,3,Jeddah
Perez,Keri,Jean,111,1,Jeddah
Warrior,Ismael,Naomi,114,1,Jeddah
Craig,Francisco,Christine,328,2,Jeddah
Martin,Robert,Manuel,112,2,Jeddah
Beaudreault,Patrick,Terry,127,0,Jeddah
Lewis,Keith,Lydia,172,2,Jeddah
Fine,Lucille,Penny,391,1,Jeddah
Baker,David,Catherine,270,1,Jeddah
Ashbaugh,Stephen,Charlie,417,3,Jeddah
Glenn,Paula,Maria,303,3,Jeddah
King,Barbara,Jason,444,1,Jeddah
Evans,Floyd,Erik,352,2,Jeddah
Mcarthur,Scott,John,468,0,Jeddah
Dekany,Denise,Shane,126,3,Jeddah
Smith,John,Phyllis,123,0,Jeddah
Garza,Shane,Shirley,172,3,Jeddah
Morris,Douglas,Rufus,258,1,Jeddah
Gammon,Robert,Benjamin,417,3,Jeddah
Obrecht,Betty,Vera,325,1,Jeddah
Metters,Hazel,Jospeh,460,0,Jeddah
Snider,Maria,Theresa,309,3,Jeddah
Ballard,Jennifer,Martin,289,2,Jeddah
Humber,Salvatore,Julieta,372,3,Jeddah
Jones,John,Carrie,100,1,Jeddah
Perryman,Marylee,Rose,399,2,Jeddah
Benward,Donna,Charlene,228,3,Jeddah
Bekerman,Anne,Madeline,361,1,Jeddah
Okane,Max,Kevin,471,2,Jeddah
Williams,Melanie,Michael,125,1,Jeddah
Kyles,Wanda,David,462,2,Jeddah
Glenn,Mary,John,500,3,Jeddah
Nelson,Charmaine,Frances,273,1,Jeddah
Murray,Mary,Matthew,198,3,Jeddah
Zeigler,Luz,Jessie,412,3,Jeddah
Heyward,Sara,Denise,268,3,Jeddah
Nailor,Jean,Virginia,415,0,Jeddah
Fitzgerald,Richard,Jose,156,0,Jeddah
Race,Joseph,James,447,0,Jeddah
Jamieson,Randall,Michael,416,1,Jeddah
Ryan,Rebecca,Geraldine,153,1,Jeddah
Mcdonald,Marilyn,Kim,348,0,Jeddah
Elia,Tanya,Jeff,481,3,Jeddah
Hocking,Patrick,Bonnie,157,2,Jeddah
Bermudez,Joyce,Bertha,370,0,Jeddah
Okajima,Cory,Chase,472,1,Jeddah
Hague,Anthony,Jeffrey,256,2,Jeddah
Hayes,Martin,Margaret,187,2,Jeddah
Bright,Brad,Alvin,396,1,Jeddah
Booth,Karl,Wanda,377,0,Jeddah
Burman,Martha,Gary,422,2,Jeddah
Bagley,Maximo,Gary,493,3,Jeddah
Gray,Polly,Lynn,350,2,Jeddah
Levin,Jimmie,Douglas,187,1,Jeddah
Valentine,Willie,Judy,193,1,Jeddah
Prado,Henry,Romeo,148,2,Jeddah
Grass,Fredrick,James,195,3,Jeddah
Everhart,Melinda,Nichole,456,1,Jeddah
Price,Jerry,Ladonna,464,3,Jeddah
Johnson,Richard,Robert,296,0,Jeddah
Schwartz,David,Sean,466,2,Jeddah
Pitts,Darlene,Maria,136,2,Jeddah
Jaculina,Charles,Karen,420,1,Jeddah
Rivera,Charles,Richard,203,0,Jeddah
Parker,Clifford,Donald,415,0,Jeddah
Klemke,Raul,Caleb,363,1,Jeddah
Masker,Marion,Billy,155,3,Jeddah
Decelle,Donna,Rodney,181,3,Jeddah
Wilson,Barbara,Jeffrey,471,0,Jeddah
Duke,Ellen,Nicholas,202,2,Jeddah
Stargel,Francisco,Fern,378,3,Jeddah
Merrill,Keith,Valerie,210,2,Jeddah
Pruchnik,Floy,Deborah,477,0,Jeddah
Obrien,Michael,Dorothy,292,3,Jeddah
Gurganus,Judith,Amber,320,2,Jeddah
Darr,Michael,Karl,181,0,Jeddah
Morin,Barry,Elvin,171,0,Jeddah
Nelson,Armand,Lenore,453,2,Jeddah
Blackford,Ann,Bobby,215,3,Jeddah
Mcclung,Christopher,Francisco,412,1,Jeddah
Maynard,Kimberly,Darrell,277,3,Jeddah
Campbell,John,Reyna,253,1,Jeddah
Johnson,James,Sarah,193,0,Jeddah
Bennett,Neva,Nathan,487,0,Jeddah
Thibodeau,Dianna,Hubert,113,1,Jeddah
Riggins,Timothy,Georgia,231,1,Jeddah
Joe,Nancy,Harriet,219,1,Jeddah
Vandiford,Corey,Jenny,398,3,Jeddah
Alvarez,Christopher,Luis,199,1,Jeddah
Kazanjian,Thomas,Heidi,368,0,Jeddah
Green,Felipa,Jackie,364,3,Jeddah
Bridge,Christopher,Gloria,263,1,Jeddah
Kubiak,Wendy,Victor,462,2,Jeddah
Garcia,Antonio,Mandy,219,2,Jeddah
Nestor,William,Jose,415,3,Jeddah
Delgado,Jane,Susan,369,3,Jeddah
White,Joan,Victor,425,0,Jeddah
Labonte,Judith,Brenda,362,0,Jeddah
Cahall,Loretta,Carie,490,0,Jeddah
Lovely,Melody,Mary,346,2,Jeddah
Manning,Juan,Richard,341,0,Jeddah
Chalifour,Louis,Danielle,413,0,Jeddah
Fett,James,Elizabeth,316,1,Jeddah
Bell,William,Kelly,370,0,Jeddah
Alonso,Anne,Charles,140,1,Jeddah
Mcgowan,Daniel,Emily,320,3,Jeddah
Yamakawa,Jeremy,Pedro,242,2,Jeddah
Neal,Louie,Terry,357,2,Jeddah
Guardado,Joseph,Bruce,221,1,Jeddah
Johnson,Cary,Chester,408,3,Jeddah
Guinn,Linda,Kelly,357,0,Jeddah
Rock,Cathy,Mary,265,2,Jeddah
Hill,Kenneth,Hiram,153,1,Jeddah
Boudreaux,Peter,Ollie,245,0,Jeddah
Stuckert,Mary,William,182,1,Jeddah
Rosecrans,Natasha,Mary,114,3,Jeddah
Hogan,Aaron,Brian,133,0,Jeddah
Hollingsworth,Austin,Liza,149,0,Jeddah
Price,Timothy,Anne,280,2,Jeddah
Nice,Sonya,Delta,177,2,Jeddah
Bilderback,Tracey,Nancy,101,3,Jeddah
Jagger,Margaret,David,109,2,Jeddah
Demars,Mary,William,107,3,Jeddah
Daniels,Mildred,Jean,320,3,Jeddah
Doucett,Agnes,Lorenzo,349,1,Jeddah
Aragaki,Jeannie,Joe,455,2,Jeddah
Bastian,Melissa,Eboni,420,2,Jeddah
Greer,Frank,Eileen,430,3,Jeddah
Lyons,Betty,Slyvia,353,1,Jeddah
Nickerson,Angel,Grace,350,2,Jeddah
Cayo,Larry,Darla,437,0,Jeddah
Gordon,Teresa,Andrew,211,2,Jeddah
Thurman,Charles,Juan,481,2,Jeddah
Flannigan,Mary,Joann,102,0,Jeddah
Williams,Patricia,Jean,117,1,Jeddah
Harper,Marie,Tracy,307,0,Jeddah
Lozey,Constance,Anne,387,0,Jeddah
Cormier,Ramon,Annie,241,1,Jeddah
Friedman,Tracy,Kenneth,460,1,Jeddah
Soule,Jennifer,Robert,191,1,Jeddah
Anderson,Debra,Shirley,230,2,Jeddah
Mundy,Vincent,Michael,247,0,Jeddah
Wison,Marian,Sara,299,2,Jeddah
Oleary,Muriel,Carolina,436,2,Jeddah
Muchow,Steve,Sarah,148,1,Jeddah
Westmoreland,Aurora,Leah,324,2,Jeddah
Ramsey,Aaron,Cynthia,395,1,Jeddah
Corpuz,Glenn,Miriam,486,0,Jeddah
Nguyen,Haley,Henry,266,2,Jeddah
Kendall,John,Willie,283,1,Jeddah
Hill,Douglas,Junior,245,1,Jeddah
Hoffpauir,Martha,John,273,2,Jeddah
Joslyn,Joann,Dennis,203,0,Jeddah
Otis,Gordon,James,145,2,Jeddah
Holmes,Julio,Matthew,242,3,Jeddah
Legan,Pearl,Juanita,163,3,Jeddah
Scroggins,Curtis,James,177,3,Jeddah
Wozny,Gary,Erma,330,2,Jeddah
Martin,Jewel,Angela,284,0,Jeddah
Mack,Melinda,Gail,279,3,Jeddah
Whalen,Yesenia,Robert,346,3,Jeddah
Frazier,Nathan,Woodrow,101,2,Jeddah
Hardin,Daniel,Jacqueline,201,3,Jeddah
Arellano,Madge,Marie,161,2,Jeddah
Cox,Donald,Tom,262,0,Jeddah
Calico,Sallie,Virginia,103,1,Jeddah
Khan,Christopher,Socorro,222,3,Jeddah
Robinson,Ricardo,Lonnie,222,0,Jeddah
Kirkland,Pamela,Helen,223,2,Jeddah
Lawing,Wayne,Bradley,128,3,Jeddah
Davis,Mary,Marie,318,2,Jeddah
Swann,Aaron,Anthony,480,0,Jeddah
Mcnabb,Ramon,Olivia,145,1,Jeddah
Searson,Adolph,Melanie,123,0,Jeddah
Quinn,David,Daniel,301,2,Jeddah
Thomas,Samuel,Andrew,358,2,Jeddah
Ruddell,Peter,Keith,235,1,Jeddah
Sawyer,Debra,Stephanie,387,0,Jeddah
Grogan,Michael,Venus,205,2,Jeddah
Losey,Richard,Genevieve,158,0,Jeddah
Gionet,Adam,Michelle,208,2,Jeddah
Nelson,Bertha,Oscar,359,3,Jeddah
Bernat,Christopher,Todd,298,2,Jeddah
Mccoy,Lucille,Samuel,206,2,Jeddah
Hancock,Lila,Robert,121,0,Jeddah
Warren,Chris,Angie,433,0,Jeddah
Speis,Lewis,Silvia,360,2,Jeddah
Salgado,Willie,Mary,194,2,Jeddah
Erwin,Ronald,Frank,349,3,Jeddah
Welke,Jared,Erin,323,0,Jeddah
Baumberger,Magdalena,Ryan,475,1,Jeddah
Ramos,Mark,Amy,179,2,Jeddah
Griswold,Diana,Winfred,432,3,Jeddah
Feather,John,Mary,456,2,Jeddah
Miller,Emanuel,Jeffrey,460,2,Jeddah
Bloom,Youlanda,Jacquelin,350,2,Jeddah
Brown,Laura,Michelle,294,1,Jeddah
Shumaker,Diane,Joseph,482,1,Jeddah
Howard,Patricia,Ruthe,408,1,Jeddah
Pettway,Joyce,Louis,278,1,Jeddah
Shaw,Robin,Roberta,339,0,Jeddah
Paskey,Hattie,Tina,292,0,Jeddah
Perry,Heather,Thanh,427,2,Jeddah
Obrien,Rickie,Janelle,309,0,Jeddah
Holder,Irene,Mary,229,0,Jeddah
Smith,Paul,Leonard,255,0,Jeddah
Billinger,Krystal,Clyde,115,2,Jeddah
Singer,Beatrice,Linda,242,0,Jeddah
Thomas,Rene,Gigi,401,0,Jeddah
Vaughn,Michael,Willie,209,0,Jeddah
Lockett,Dawn,Francisco,322,1,Jeddah
Grate,Christie,Lillian,284,1,Jeddah
Poe,Anita,Jessica,392,2,Jeddah
Wheeler,Sharon,Kathy,284,0,Jeddah
Pamperin,Edward,Katherine,310,1,Jeddah
Spice,Emma,Dinah,252,0,Jeddah
Isenhart,Forest,Rene,393,1,Jeddah
Torgerson,Dave,Thomas,392,2,Jeddah
Bertram,Michael,Maryellen,346,1,Jeddah
Freeman,James,Lucille,358,2,Jeddah
Clack,Albert,Ben,220,0,Jeddah
Dotson,Laurie,Anthony,308,3,Jeddah
Holland,Jose,Roxie,326,1,Jeddah
Mcdonald,Sylvester,Hermine,451,3,Jeddah
Dorrance,Dennis,Robert,425,2,Jeddah
Guevara,Graig,Diane,167,1,Jeddah
Johnson,Kendra,William,380,1,Jeddah
Halman,Robert,Ira,248,3,Jeddah
Wilkinson,Javier,Gerald,171,2,Jeddah
Shick,Donald,Lance,418,1,Jeddah
Stemmer,Karl,Francis,475,1,Jeddah
Gascho,Leslie,Robert,110,2,Jeddah
Gravel,Jonnie,Hattie,177,0,Jeddah
Ledford,Arlene,Armando,310,1,Jeddah
Albert,Edwin,Sonny,148,0,Jeddah
Kane,Lela,Frank,152,3,Jeddah
Frisbie,Dennis,Joan,390,0,Jeddah
Brown,John,Louis,357,0,Jeddah
Nicholson,Dessie,Shane,211,1,Jeddah
Luma,Mary,Dennis,292,2,Jeddah
Barlow,Rose,Edith,290,0,Jeddah
Marotta,George,Charles,251,3,Jeddah
Rock,Charles,Sofia,260,2,Jeddah
Lopez,Stephen,Nathan,357,2,Jeddah
Steven,Sammy,Nora,426,2,Jeddah
Smallwood,Marie,Abby,345,1,Jeddah
Riddle,Francis,June,278,2,Jeddah
Mann,James,Pearl,104,1,Jeddah
Arnesen,Manuel,Nikki,265,3,Jeddah
Smith,Erwin,Michele,297,3,Jeddah
Miller,Kim,Yolanda,304,1,Jeddah
Garcia,Jose,Charles,279,3,Jeddah
Knutson,Nancy,Rashida,153,1,Jeddah
Stehlik,Arnold,Angela,362,0,Jeddah
Hu,Elvira,Edward,364,0,Jeddah
Coyne,Judy,Billy,150,2,Jeddah
Finley,Mary,Thomas,149,0,Jeddah
Conner,Susan,Tod,318,0,Jeddah
Lindsay,Charles,Kristin,460,0,Jeddah
Wagner,Claris,William,120,0,Jeddah
Friedrichs,Kevin,Theresa,475,3,Jeddah
Richardson,Lester,William,236,3,Jeddah
Whitten,Esther,Thomas,216,3,Jeddah
Kleinknecht,Gerardo,Adam,431,1,Jeddah
Adams,Tammy,Edward,135,2,Jeddah
Byrd,Joshua,Sheryl,343,1,Jeddah
Jones,Veronica,Travis,450,2,Jeddah
Coonrod,Robert,Jean,486,1,Jeddah
Hiott,Helen,Steve,160,2,Jeddah
Jenkins,Matthew,Candida,353,1,Jeddah
Johnson,Angelo,Michelle,431,0,Jeddah
Winesett,Cory,Linda,269,3,Jeddah
Birdsell,Harry,Teri,417,0,Jeddah
Garces,Henry,Amelia,331,2,Jeddah
Makins,Carrie,Tony,399,3,Jeddah
Moreno,William,Christina,339,3,Jeddah
Williams,Bobby,Mary,236,0,Jeddah
Clemmer,Angeline,Kellie,445,1,Jeddah
Partin,Gregory,Alvin,382,0,Jeddah
Cravens,Jack,Donna,192,2,Jeddah
Booze,Leona,Cassandra,267,3,Jeddah
Morris,Robert,Jody,245,3,Jeddah
Mendez,Melissa,Michael,403,0,Jeddah
Kinnaman,Sang,Cara,335,0,Jeddah
Williams,Kenneth,Gus,305,1,Jeddah
Mccoy,Joseph,Marcia,477,0,Jeddah
Brown,Marion,Michael,295,0,Jeddah
Nielsen,Dorothy,Marvel,293,3,Jeddah
Fryer,Cynthia,Jerri,115,2,Jeddah
Cianfrini,Gary,Deborah,107,0,Jeddah
Woods,Jean,Richard,432,1,Jeddah
Bolanos,David,Thomas,424,0,Jeddah
Gould,Delia,Daryl,243,2,Jeddah
Mcclain,Raymond,William,392,2,Jeddah
Ross,John,Evan,313,2,Jeddah
Watson,Sue,Christian,299,1,Jeddah
Mcilwain,Tina,Kenneth,191,1,Jeddah
Jones,Delma,Jeffery,437,0,Jeddah
Casey,Stanford,Marissa,141,0,Jeddah
Boshears,Joseph,Michael,357,1,Jeddah
Gott,Dennis,Pamela,177,0,Jeddah
King,Edward,William,421,2,Jeddah
Hill,Barbara,Maurice,483,1,Jeddah
Lopez,Suzanne,Jerome,359,3,Jeddah
Davis,Herbert,Steven,145,1,Jeddah
King,Bessie,James,103,1,Jeddah
Anderson,Floyd,Brian,129,0,Jeddah
Schmidt,Matilda,Ana,180,3,Jeddah
Harrison,Glen,Reina,367,1,Jeddah
Mulqueen,Vincent,Helen,345,3,Jeddah
Gerraro,Christopher,Shari,145,1,Jeddah
Adams,Cedric,Bryan,156,1,Jeddah
Riley,Walter,Adrienne,438,0,Jeddah
Benson,Jean,Herbert,448,2,Jeddah
Thompson,Carl,Jeffrey,134,3,Jeddah
Moore,Bennie,Daniel,253,0,Jeddah
Hutcherson,Curt,Colleen,307,2,Jeddah
Storck,Bernice,Judith,359,3,Jeddah
Howard,Louis,Bill,428,3,Jeddah
Glaspie,Luis,Nellie,227,2,Jeddah
Masters,Jenna,Michael,337,2,Jeddah
Redick,Amy,Robert,456,2,Jeddah
Kryder,Robert,Lisa,271,1,Jeddah
Puga,Virgil,Priscilla,378,1,Jeddah
Hull,Nancy,Isabelle,309,0,Jeddah
Dukes,Margaret,Michael,102,1,Jeddah
Adams,Mark,Ida,450,2,Jeddah
Cohen,Carlton,Victor,414,0,Jeddah
Surber,David,Fred,255,0,Jeddah
Fleming,Lori,Gary,307,2,Jeddah
Bullock,James,Hope,198,3,Jeddah
Hayes,Ernest,Jimmy,113,2,Jeddah
Brooks,Jessica,Katheryn,396,1,Jeddah
Riley,Brandon,Christopher,142,1,Jeddah
Marcotte,Joshua,Connie,168,2,Jeddah
Cooksey,James,Christopher,134,1,Jeddah
Makowski,Cynthia,Rose,472,2,Jeddah
Craft,Cynthia,Amy,419,0,Jeddah
Nine,John,Todd,103,0,Jeddah
Singleton,Shannon,Laura,305,0,Jeddah
Bohanon,Virginia,William,347,0,Jeddah
Rothenbach,Vera,Jimmy,225,1,Jeddah
Hales,Vernon,Michelle,101,2,Jeddah
Edwards,Deborah,Steven,420,2,Jeddah
Hidalgo,Linda,Rebecca,395,3,Jeddah
Beren,Patricia,Summer,320,1,Jeddah
Creekmore,Pamela,Robert,226,0,Jeddah
Edge,Merle,Gladys,284,2,Jeddah
Reese,Brook,Linwood,302,2,Jeddah
Mason,Sidney,Jose,310,2,Jeddah
Holly,Marta,Thomas,433,2,Jeddah
Starkey,Nell,Henry,476,2,Jeddah
Jimenez,Joyce,Omar,252,3,Jeddah
Moulding,Russell,Lois,262,1,Jeddah
Gimbel,Sally,Kenneth,157,3,Jeddah
Lamar,Tyler,Christopher,246,2,Jeddah
Bates,Arlene,Ronald,354,1,Jeddah
Moore,Bernard,Maria,395,1,Jeddah
Harris,Harvey,Kevin,439,3,Jeddah
Mcleod,Robert,John,410,2,Jeddah
Lawrence,George,Hector,314,2,Jeddah
Cheek,Ray,Caleb,294,0,Jeddah
Anderson,Jena,Esther,424,0,Jeddah
Niday,Elsie,Margarita,261,0,Jeddah
Perez,Thomas,Dianna,287,1,Jeddah
Zimmer,Eddie,Lance,106,3,Jeddah
Oberholtzer,John,Roy,337,3,Jeddah
Mahar,Roger,Kenneth,472,2,Jeddah
Frick,Patricia,Owen,370,3,Jeddah
Hudson,Derrick,Frank,151,2,Jeddah
Maldonado,Karen,Misty,147,1,Jeddah
Arellano,Annie,Anthony,141,1,Jeddah
Rice,Walter,Robert,402,2,Jeddah
Simmons,Robert,Allison,362,1,Jeddah
Davis,Kevin,Jerry,299,0,Jeddah
Tyson,Amanda,Daniel,308,3,Jeddah
Parker,Edward,Margaret,151,3,Jeddah
Starr,Lee,Joshua,259,0,Jeddah
Walker,Kayla,Tina,461,1,Jeddah
Gayden,Angel,Kathryn,331,0,Jeddah
Hvizdos,Alma,David,241,3,Jeddah
Donnell,Ivan,Teresita,290,1,Jeddah
King,Kim,Eva,493,0,Jeddah
Scholl,Philip,Precious,225,1,Jeddah
Hughes,Tammie,Stacy,270,0,Jeddah
Brown,Emma,Marion,479,0,Jeddah
Taylor,Benjamin,Keneth,468,3,Jeddah
Marquez,Carlos,Robert,409,3,Jeddah
Wright,Audrey,Wilfred,219,1,Jeddah
Valazquez,Archie,William,254,1,Jeddah
Washington,Russell,Helen,265,3,Jeddah
Roberson,Albert,Robert,366,0,Jeddah
Hurtado,Johanna,Hortencia,328,0,Jeddah
Tullius,Warren,Sara,424,2,Jeddah
Wigfall,Rodolfo,John,281,2,Jeddah
Hunter,Clay,Dawn,236,2,Jeddah
Howery,Rachel,Pam,399,1,Jeddah
Leonard,Tammy,Harold,214,2,Jeddah
Bulger,Amy,Andrea,211,1,Jeddah
Stewart,Randy,George,355,0,Jeddah
Mcclendon,Dennis,Blanca,161,1,Jeddah
Rudolph,Jacob,Jay,448,0,Jeddah
Kamnik,Iris,Dana,313,3,Jeddah
Young,Esther,Nancy,155,1,Jeddah
Groom,Angela,Stephanie,278,3,Jeddah
Rogers,Rita,Nicole,194,1,Jeddah
Sparks,Marjorie,Cheryl,249,3,Jeddah
Andrews,Tommy,Brian,156,3,Jeddah
Johnson,Thomas,Lavina,493,3,Jeddah
Ohara,Dale,Frank,220,0,Jeddah
Ellis,Oscar,Catherine,281,0,Jeddah
Finn,Manuel,Robert,450,3,Jeddah
Gardner,Teresa,Kevin,419,2,Jeddah
Fuchs,Christie,Harley,287,3,Jeddah
Rivera,Cory,Martha,358,1,Jeddah
Sturgill,David,Grace,451,1,Jeddah
Minor,Ernestine,Kenneth,150,3,Jeddah
Johnson,Guadalupe,Eliza,276,0,Jeddah
Stamper,Eric,David,125,0,Jeddah
Lamb,Robert,Cleo,151,0,Jeddah
Owens,Laura,Denise,326,1,Jeddah
Williams,Candelaria,Martha,299,0,Jeddah
Adams,Veronica,Sanjuana,369,1,Jeddah
Alston,Carl,Laura,212,1,Jeddah
Roberts,Marvin,Dorothy,102,2,Jeddah
Robinson,Mark,Donald,292,2,Jeddah
Santiago,Sherry,Frank,328,3,Jeddah
Gutman,Marianne,Rose,390,0,Jeddah
Gratz,Gwenn,Frank,481,2,Jeddah
Arias,George,Jennifer,239,0,Jeddah
Schull,Nancy,Ramonita,221,0,Jeddah
Fauntleroy,Shirley,Whitney,276,2,Jeddah
Boney,Walter,Joseph,275,2,Jeddah
Bray,Derek,Jerry,252,3,Jeddah
Espinoza,Suzan,Jestine,209,3,Jeddah
Brown,Rosemary,Michael,294,3,Jeddah
Huber,Kenneth,James,260,1,Jeddah
Richardson,June,Patricia,422,3,Jeddah
Berger,Jim,Melinda,234,3,Jeddah
Christensen,Velma,Simon,259,2,Jeddah
Franks,Virginia,Lori,298,2,Jeddah
Jurgens,Zada,John,194,1,Jeddah
Reynolds,Brenda,Carlos,159,1,Jeddah
Dedeke,Robert,Mario,282,3,Jeddah
Dillahunt,Lorena,Beth,452,3,Jeddah
Gordon,Linda,David,298,2,Jeddah
Ginn,Deidra,Craig,463,1,Jeddah
Wilson,Jack,Patsy,368,2,Jeddah
Morton,Jamie,Maria,416,1,Jeddah
Kelly,Vincent,Jonathan,166,3,Jeddah
Quintero,Giovanni,Clarence,375,1,Jeddah
Daniels,Kimi,Daniel,455,0,Jeddah
Osborne,Louise,Mindy,111,2,Jeddah
Jones,Thomas,Robert,465,1,Jeddah
Scott,Jonathon,Audrey,129,1,Jeddah
Martin,Debbie,Marie,249,3,Jeddah
Burgher,Iva,Jane,420,2,Jeddah
Wesley,Mai,Jack,364,3,Jeddah
Macleod,Magdalen,Michael,296,1,Jeddah
Schartz,Hazel,Brenda,481,3,Jeddah
Ichikawa,Carolyn,Kermit,234,3,Jeddah
Goss,Danielle,Brett,310,2,Jeddah
Denson,Mona,Linda,471,3,Jeddah
Mouton,Raul,Maynard,318,2,Jeddah
Mccully,Mary,James,208,1,Jeddah
Parga,Ann,Dennis,128,3,Jeddah
Bennett,Lester,Jean,408,3,Jeddah
Walker,Maria,Jeffrey,206,0,Jeddah
Watters,Robert,Carol,148,3,Jeddah
Bazile,Katlyn,Jason,172,1,Jeddah
Murphy,Beatrice,Joyce,163,1,Jeddah
Mitchell,Gloria,Charles,493,1,Jeddah
Lopez,Marie,Gregory,376,1,Jeddah
Granillo,Steven,Harmony,170,0,Jeddah
Wilburn,Vanessa,Lila,227,3,Jeddah
Walker,Michael,Lee,121,0,Jeddah
Jacobo,Michelle,Robert,363,1,Jeddah
Marsh,Annabelle,Zachary,183,1,Jeddah
Degroot,Nina,Donald,113,1,Jeddah
Hinton,Sheila,Erick,246,1,Jeddah
Aymond,Kim,Dawn,487,2,Jeddah
Deitz,Scott,Amy,428,2,Jeddah
Rubio,Marylouise,Barbara,377,2,Jeddah
Murphy,Jane,Elise,203,1,Jeddah
Heslop,Tiffany,Ruth,404,3,Jeddah
Jackson,Molly,Owen,493,3,Jeddah
Leatherman,Gregory,Angela,298,0,Jeddah
Haynes,Jami,Efren,406,0,Jeddah
Mcclure,Carmen,Beatrice,352,3,Jeddah
Winkleman,Juanita,Allison,492,2,Jeddah
Reynolds,Michael,Lisa,315,0,Jeddah
Salter,Tiffany,Tiffany,464,2,Jeddah
Turner,Maria,Chet,470,2,Jeddah
Rodrigez,Chanel,Stephanie,351,1,Jeddah
Gongora,George,Maxie,137,3,Jeddah
Crain,Ruby,Alvin,153,1,Jeddah
Nelson,Randall,Pete,308,0,Jeddah
Hayes,Debra,Sidney,292,3,Jeddah
Parnell,George,Allen,298,0,Jeddah
Gregory,Rufus,Veronica,195,3,Jeddah
Abbott,Barbara,Windy,418,2,Jeddah
Duda,Carol,Kim,308,2,Jeddah
Bly,Janis,Henry,315,2,Jeddah
Gutoski,Lynn,Stan,418,1,Jeddah
Spooner,Nona,Roger,406,1,Jeddah
Simoneau,Vera,Cecilia,188,1,Jeddah
Polkinghorn,James,John,262,3,Jeddah
Carlson,Stacey,Ruth,118,0,Jeddah
Thomas,Dorothy,John,284,3,Jeddah
Wilson,Joshua,Earlene,201,1,Jeddah
Replogle,Linda,Samantha,500,2,Jeddah
Tatum,Savannah,Erick,458,0,Jeddah
Cooper,Tonya,Thomas,184,0,Jeddah
Gonzalez,Theresa,Vincent,297,0,Jeddah
Radcliff,Linda,Timothy,329,3,Jeddah
Seit,Michael,Patricia,466,2,Jeddah
Lepe,Alan,Jason,352,3,Jeddah
Pickett,Peter,Denise,241,0,Jeddah
Gibson,Joshua,Deborah,273,3,Jeddah
Franklin,Lupe,Sean,106,1,Jeddah
Souphom,Mary,Elmo,476,1,Jeddah
Hill,Robert,Gary,433,0,Jeddah
Velez,Richard,Charles,252,0,Jeddah
Stoeffler,Kermit,Marie,119,3,Jeddah
Medina,Lawrence,John,380,1,Jeddah
Moore,Mark,Benjamin,234,1,Jeddah
Lavoie,Saundra,Edward,335,0,Jeddah
Honkanen,Terrance,Victor,350,1,Jeddah
Mullins,Wilma,Sandra,287,2,Jeddah
Garner,Joyce,Tracey,479,2,Jeddah
Smith,Barbara,Meredith,236,3,Jeddah
Brooks,John,Beatrice,486,2,Jeddah
Saver,John,Gary,429,0,Jeddah
Shea,Adam,Patricia,163,2,Jeddah
Landey,Wilma,Annette,165,0,Jeddah
Orosco,Jose,Charles,126,3,Jeddah
Lee,Doris,Howard,232,0,Jeddah
Millward,Jane,David,176,1,Jeddah
Maxfield,Julia,Paula,335,2,Jeddah
Flowers,Jessica,Jaime,424,2,Jeddah
Dunagan,Hugh,Brian,282,3,Jeddah
Smith,Alison,Stacy,304,3,Jeddah
Alvarez,Nicole,Melisa,201,2,Jeddah
Collins,Paul,Robert,280,2,Jeddah
Passarelli,Nikki,Marjory,427,0,Jeddah
Johnson,Maria,Matt,449,1,Jeddah
Mike,Maximina,Harry,240,1,Jeddah
Young,Kristen,Scott,342,1,Jeddah
Navarez,Gary,Carol,282,3,Jeddah
Hays,Carolee,Daniel,285,0,Jeddah
Taylor,Lawrence,Juanita,353,3,Jeddah
Christensen,William,Vera,202,3,Jeddah
Nolasco,Rhonda,Melvin,128,1,Jeddah
Harding,Delois,Isreal,112,0,Jeddah
Dixon,Paul,Kay,307,3,Jeddah
Trovillion,Nathan,William,210,1,Jeddah
Duke,Joe,Harold,110,1,Jeddah
Spencer,Andrew,Robert,410,3,Jeddah
Uitz,Hoyt,James,387,1,Jeddah
Moody,Ann,Diana,249,0,Jeddah
Gardner,Robert,Frank,177,2,Jeddah
Starnes,Sarah,Barb,435,3,Jeddah
Urban,Doris,William,408,0,Jeddah
Waller,Susan,Patricia,189,2,Jeddah
Flores,Hayley,Angel,453,0,Jeddah
Lach,Eddie,Florence,247,3,Jeddah
Walker,Melissa,Andres,153,3,Jeddah
Landry,Colby,Patricia,388,0,Jeddah
Slape,John,Christa,212,2,Jeddah
Hirata,Candace,Jared,165,2,Jeddah
Coronado,Randall,Michael,190,1,Jeddah
Jones,Helene,Jill,442,0,Jeddah
Moran,James,Kelsey,296,0,Jeddah
Brown,David,Katherine,373,3,Jeddah
Poulos,Scott,Clara,112,3,Jeddah
Hines,Randall,Gerardo,105,0,Jeddah
Weekley,Jeanie,Rodney,402,0,Jeddah
Madsen,Susie,Sharon,224,2,Jeddah
Rowles,Del,Charles,337,3,Jeddah
Gentry,Debra,Barbara,257,3,Jeddah
Borgeson,Isidro,Harriet,412,0,Jeddah
Washington,Jon,David,452,3,Jeddah
Willingham,Bernadette,Miriam,218,1,Jeddah
Schultz,Elizabeth,Betty,149,3,Jeddah
Najera,Perry,James,459,1,Jeddah
Evins,Robert,Rebecca,225,3,Jeddah
Priesmeyer,Johnnie,Paula,188,2,Jeddah
Galvis,Anna,Jean,359,1,Jeddah
Horowitz,Juanita,Cora,443,0,Jeddah
Obryant,Donna,Celina,146,1,Jeddah
Miller,Cathy,Nicholas,141,3,Jeddah
Burke,Jean,Orlando,138,1,Jeddah
Khan,Lewis,Trenton,390,0,Jeddah
Arterbury,Katrina,Georgia,331,3,Jeddah
Alston,Pearl,Sharon,285,1,Jeddah
Mahon,Tammy,Vera,113,3,Jeddah
Hanson,Jane,Beth,281,0,Jeddah
Fernandez,William,Alicia,310,1,Jeddah
Markowski,Donald,Ida,342,3,Jeddah
Naylor,Philip,Debbie,499,2,Jeddah
White,Blythe,Herman,415,1,Jeddah
Cooper,David,Stephen,115,0,Jeddah
Bradt,Keith,Irene,460,0,Jeddah
Ramos,Melissa,John,206,3,Jeddah
Price,Antoinette,John,469,3,Jeddah
Renick,Ryan,Nicholas,236,2,Jeddah
Henry,Stanley,Jim,415,0,Jeddah
Scott,Margaret,Jason,231,0,Jeddah
Collins,Mary,Susie,412,1,Jeddah
Needham,Maria,Wanda,452,3,Jeddah
Jarvie,Shirley,John,159,3,Jeddah
Natali,Theresa,Carol,212,2,Jeddah
Lombardi,Lois,Francis,485,3,Jeddah
Rojas,Arthur,Zachary,335,3,Jeddah
Jensen,Joseph,Maria,410,2,Jeddah
Dawson,Mildred,Cynthia,249,2,Jeddah
Hansen,James,William,357,1,Jeddah
Jones,Brian,Ira,442,0,Jeddah
Milligan,Nancy,Phyllis,396,3,Jeddah
Swank,Harry,Fabian,449,2,Jeddah
Rothe,Elmer,Renee,100,2,Jeddah
Johns,Patricia,Rhonda,378,2,Jeddah
Perez,James,Cameron,470,2,Jeddah
Gonzalez,Harold,Jarrod,429,3,Jeddah
Lai,Tammy,Randy,212,2,Jeddah
Bergstrom,Steven,Angela,347,1,Jeddah
Carter,Valerie,Estelle,377,1,Jeddah
Wall,Ann,Emily,162,3,Jeddah
Kinsey,Enrique,Annette,378,3,Jeddah
Dean,Paul,Rhona,382,2,Jeddah
Gonzalez,Steven,Patrick,123,1,Jeddah
Carp,Deanna,Quinton,174,3,Jeddah
Vargas,William,Diane,443,1,Jeddah
Rick,Donald,Patrick,336,3,Jeddah
Koroma,Marvin,Christie,492,3,Jeddah
Espinoza,Harold,Betty,417,3,Jeddah
Badami,Barbara,Delores,360,1,Jeddah
Rowell,Vivian,Sara,442,2,Jeddah
Banks,Danny,Jesus,388,2,Jeddah
Renz,Jon,Carol,444,2,Jeddah
Williams,James,Roderick,384,2,Jeddah
Holt,Amber,Bruce,275,2,Jeddah
Giannetti,Bertha,Marilyn,110,1,Jeddah
Sutherland,Leah,Mary,148,2,Jeddah
Williamson,Michael,Elizabeth,314,0,Jeddah
Goodman,Jason,Jordan,338,0,Jeddah
Keomanivong,William,Darrell,125,0,Jeddah
Reid,Rebecca,Oliver,420,3,Jeddah
Starks,Leah,Lillian,487,0,Jeddah
Mcdougall,Phyllis,Alan,469,3,Jeddah
Cole,Arthur,Patricia,186,2,Jeddah
Molina,Barbara,Dennis,229,3,Jeddah
Whalen,Adam,Nathan,115,1,Jeddah
Bowman,Marie,Loree,360,0,Jeddah
Barnett,Renee,Mary,231,3,Jeddah
Schweinfurth,Kristi,Christie,405,2,Jeddah
Johnson,Linda,Kristen,443,1,Jeddah
Rein,Debi,Ruth,266,3,Jeddah
Vogan,Rachael,Moses,260,0,Jeddah
Hendricks,Lance,Robert,308,0,Jeddah
Timberlake,Rosa,Rochelle,167,2,Jeddah
Fitzgibbon,Kyle,Kim,303,2,Jeddah
Farias,Thomas,Shawn,107,0,Jeddah
Swem,Carl,Todd,273,0,Jeddah
Shanahan,Robert,Robert,398,2,Jeddah
Talley,Benny,Oswaldo,329,3,Jeddah
Rutherford,Jeffrey,Toni,311,1,Jeddah
Wallace,Melanie,Linda,167,0,Jeddah
Haugen,Nancy,Kimberly,256,0,Jeddah
Bellows,Curtis,Rhonda,494,3,Jeddah
Bright,David,Maurice,225,3,Jeddah
Paiz,Robert,Terry,105,1,Jeddah
Walls,Rachael,Stephan,121,0,Jeddah
Jefferson,Jose,Debra,281,1,Jeddah
Strong,Angie,Cindy,412,3,Jeddah
Harris,Sandy,Bob,457,0,Jeddah
Wright,Micheal,Katharine,323,0,Jeddah
Rizzo,Lowell,Danielle,311,0,Jeddah
Johnson,Mildred,Eleanor,249,3,Jeddah
Cole,Mary,Daisy,328,1,Jeddah
Mcdonald,Paul,Marjorie,334,0,Jeddah
Neal,Cierra,Robert,155,0,Jeddah
Mcgrath,Juan,Theodore,239,1,Jeddah
Donis,Lisa,Gina,107,0,Jeddah
Kook,Janet,Virgil,461,0,Jeddah
Shutt,Charlotte,Virginia,149,0,Jeddah
Wright,Larry,Andrea,289,3,Jeddah
Hall,Daniel,Robert,299,3,Jeddah
Smith,Anna,Marianna,409,1,Jeddah
Green,Joshua,Art,346,3,Jeddah
Barkley,Bradley,Craig,144,1,Jeddah
Cain,Todd,Raymond,122,2,Jeddah
Abbott,Candy,Deborah,362,0,Jeddah
Bertolini,Shani,Angela,144,3,Jeddah
Gross,Deborah,Randy,444,2,Jeddah
Rosa,Jose,Brianna,158,1,Jeddah
Cox,Terry,Jennifer,212,0,Jeddah
Smith,Marion,Daniel,481,2,Jeddah
Laduke,Christopher,Sean,108,3,Jeddah
Michaels,Billy,Linda,385,3,Jeddah
Sandoval,Gary,Kevin,296,1,Jeddah
Bass,Joseph,James,101,3,Jeddah
Taylor,Lynette,Jean,127,0,Jeddah
Barlow,Darnell,Jose,493,0,Jeddah
Mclaughlin,Alberta,Michael,286,1,Jeddah
Talley,Harold,Anthony,160,0,Jeddah
Caples,Mark,Mary,438,2,Jeddah
Rider,Nancy,Joanna,281,2,Jeddah
Greenfield,Thelma,Mary,473,2,Jeddah
Hernandez,Garrett,David,433,1,Jeddah
Price,Torie,Kevin,480,3,Jeddah
Barton,Gregory,Richard,194,3,Jeddah
Eveland,Amber,Gregg,232,2,Jeddah
Howard,Michelle,Rosa,430,1,Jeddah
Truiolo,Deborah,Gladys,224,3,Jeddah
Peterson,Christina,Willie,193,1,Jeddah
Young,Jared,Patrick,455,1,Jeddah
Madry,Donald,Jeremy,405,3,Jeddah
Wyland,Kathleen,Carol,392,2,Jeddah
Carrasco,Sidney,Anthony,131,2,Jeddah
Knepp,Wanda,Michael,197,2,Jeddah
Johnston,Douglas,Michael,220,1,Jeddah
Carpenter,Bobbie,Mark,471,2,Jeddah
Wilson,Edward,Maxine,403,0,Jeddah
Willis,Marilyn,Yasuko,139,1,Jeddah
Garbarino,Richie,Clinton,201,1,Jeddah
Shaw,Clara,Rachelle,323,1,Jeddah
Harris,Murray,Miranda,326,2,Jeddah
Marrero,James,Francine,408,2,Jeddah
Liu,John,Robert,130,2,Jeddah
Roberts,Perry,Manuel,196,1,Jeddah
Anderson,Brendan,Sharon,134,0,Jeddah
Hawkins,Michael,Carol,357,3,Jeddah
Wilborn,Virgil,Emily,382,2,Jeddah
Moore,Jewell,Matthew,490,1,Jeddah
Sause,Raul,Robert,185,3,Jeddah
Mai,Matthew,Ruth,239,0,Jeddah
Arehart,Steve,Martin,255,0,Jeddah
Acosta,Doris,Frederick,480,0,Jeddah
Lagrone,Michael,Brenda,251,2,Jeddah
Hall,Elizabeth,Deborah,198,2,Jeddah
Olson,Bridget,Sarah,394,1,Jeddah
Hendricks,Margie,Harry,320,1,Jeddah
Gilson,Alice,Daphne,376,3,Jeddah
Notice,Jeffery,James,182,3,Jeddah
Lish,Larry,Wendy,268,0,Jeddah
Barnes,Jane,Jason,406,2,Jeddah
Montgomery,Ethel,Cory,381,3,Jeddah
Toelke,Bryan,Linda,163,1,Jeddah
Edwards,Evelyn,Sandra,338,0,Jeddah
Stultz,Don,Patrick,145,3,Jeddah
Ray,Shayla,William,371,0,Jeddah
Brooks,Beulah,Juanita,204,0,Jeddah
Bland,Wallace,Virginia,324,2,Jeddah
James,Kevin,Teresa,132,1,Jeddah
Oconnor,James,Albert,115,1,Jeddah
Nockels,Lore,John,454,1,Jeddah
Allison,Antonio,Dolores,446,0,Jeddah
Pulley,Timothy,Clarence,227,1,Jeddah
Ayala,David,Jeffrey,426,0,Jeddah
Delara,Irene,Esther,410,1,Jeddah
