Gorecki,Joel,Shirley,100,3,Jeddah
Smith,Shannon,Elizabeth,100,2,Jeddah
Conway,George,Richard,101,1,Jeddah
Abela,Anita,Susan,102,3,Jeddah
Hattub,Lisa,Larry,103,2,Jeddah
Tracey,Tina,James,107,2,Jeddah
Prasad,Roger,Renee,110,2,Jeddah
Davenport,Angie,John,111,1,Jeddah
Adams,Henry,Jennifer,114,1,Jeddah
Lorge,Martin,Carla,114,2,Jeddah
Coley,Roxanne,Susan,115,3,Jeddah
Atchley,Janella,Henry,116,1,Jeddah
Wilson,Terrell,Ethel,116,1,Jeddah
Fast,Staci,Nicholas,117,3,Jeddah
Cadet,Gary,Mary,118,1,Jeddah
Bates,Natalie,Richard,121,1,Jeddah
Eddins,Doris,Tasha,121,1,Jeddah
Scott,Brandi,Shirley,122,0,Jeddah
Anderson,Danette,Aaron,126,2,Jeddah
Huey,Robbie,David,128,0,Jeddah
Brunson,Jean,Lori,132,1,Jeddah
Odell,Vanessa,Bryce,132,3,Jeddah
Schuler,Jeff,Jason,134,0,Jeddah
Jackson,Thomas,Ernest,135,3,Jeddah
Rempel,Barbara,Kristin,136,0,Jeddah
Lucas,Miles,Dawn,137,2,Jeddah
Boyd,Juan,Aurore,141,2,Jeddah
Ridley,Mireya,Walter,142,2,Jeddah
Hernandez,Sarah,Jose,143,3,Jeddah
Adame,Ying,Joseph,145,3,Jeddah
Bullard,Sally,Steve,145,0,Jeddah
Drakes,Cheryl,Velma,145,3,Jeddah
Meath,Loretta,Cynthia,145,2,Jeddah
Dixon,Andrew,Joe,146,0,Jeddah
Jobe,Ted,Jose,146,1,Jeddah
Ponce,Mary,Joseph,146,1,Jeddah
Bost,Michelle,Catherine,147,0,Jeddah
Mincey,John,Carolyn,147,3,Jeddah
Schimmel,Lewis,Betty,148,1,Jeddah
Bliss,Sara,Jerry,149,1,Jeddah
Minnerly,Jimmie,Harold,149,1,Jeddah
Chambers,Jerrica,Barry,151,3,Jeddah
Chase,Jon,Sally,151,3,Jeddah
Walker,Marylou,Trinidad,151,2,Jeddah
Robertson,Charles,Emmitt,152,0,Jeddah
Bell,Dennis,Edith,153,1,Jeddah
Barker,James,Lance,154,3,Jeddah
Fujisawa,Rebecca,Raymond,154,0,Jeddah
Gruen,Curtis,Grace,155,3,Jeddah
Cambell,Hannah,Elizabeth,157,0,Jeddah
Ficklin,Mark,Judy,157,2,Jeddah
Harrington,Roy,Monica,158,3,Jeddah
Maxey,Sean,Owen,160,2,Jeddah
Munoz,Tammy,Georgette,164,3,Jeddah
Stewart,Julius,Travis,164,2,Jeddah
Gates,Maria,Joseph,165,1,Jeddah
Griffis,Juan,Rose,165,2,Jeddah
Lam,Young,Greg,165,3,Jeddah
Bolivar,Betty,Fermin,166,1,Jeddah
Soderquist,Filomena,Opal,166,3,Jeddah
Smith,Sam,William,167,0,Jeddah
Vojna,Robert,Robert,167,3,Jeddah
Bailey,Julio,Christine,169,1,Jeddah
Brooks,Bette,Minnie,169,2,Jeddah
Perdomo,Samuel,Carlos,170,1,Jeddah
Smith,Mildred,Wendy,171,0,Jeddah
Lacroix,Sandra,Donald,173,0,Jeddah
Brunner,Steve,Lee,177,1,Jeddah
Jackson,Patricia,Leah,177,3,Jeddah
Grady,Clyde,James,181,1,Jeddah
Jones,Torrie,Ray,181,1,Jeddah
Davis,Noreen,Alyce,182,1,Jeddah
Means,Robert,Laurie,182,2,Jeddah
Stecklein,Charles,Johnny,182,1,Jeddah
Colon,Hannah,Shelly,183,0,Jeddah
Fitzgerald,Elsie,Jason,184,3,Jeddah
Keenan,Kimberly,Gail,184,3,Jeddah
Smith,Jeffrey,Louis,185,0,Jeddah
Knowles,Rosanna,Avery,186,3,Jeddah
Corriveau,Judith,Gary,187,2,Jeddah
Johnson,Shannan,Lyle,187,3,Jeddah
Reem,Christopher,Deborah,187,1,Jeddah
Edwards,Danilo,Karen,189,0,Jeddah
Jones,Joseph,Maria,189,2,Jeddah
Lau,Dolores,William,191,3,Jeddah
Patterson,Toni,Miriam,191,1,Jeddah
Rhodes,Carl,Natalie,191,2,Jeddah
Garceau,Steven,Jeffery,192,0,Jeddah
Lockhart,Terrell,Gerald,192,0,Jeddah
Miller,Helen,Mary,193,0,Jeddah
Long,Matthew,Kimberly,195,0,Jeddah
Bates,Rose,Mary,196,1,Jeddah
Conaway,Percy,Ashley,196,3,Jeddah
Piirto,Doris,Evette,196,2,Jeddah
Alvarez,Anthony,Paul,202,2,Jeddah
Ryan,Vicki,Benjamin,202,2,Jeddah
Young,Claudette,Elsie,202,0,Jeddah
Gonzales,David,Bryan,203,2,Jeddah
Parker,Kathy,Yolanda,203,3,Jeddah
Heckert,James,Kellie,204,0,Jeddah
Carter,Jason,Ernest,205,2,Jeddah
Schoonmaker,Steven,Edward,205,0,Jeddah
Cline,Marcus,Thelma,207,0,Jeddah
Eggleston,Jennifer,Heather,208,0,Jeddah
Reese,Robert,Barbara,210,1,Jeddah
Martinez,Jeannie,Jeremy,214,1,Jeddah
Sweet,Sarah,Melissa,214,0,Jeddah
Davis,Kristen,Julie,216,2,Jeddah
Grosz,Ruth,Cynthia,217,2,Jeddah
Ma,Gina,Anthony,217,2,Jeddah
Coffey,Anna,Sandra,219,3,Jeddah
Torres,Sharon,Austin,219,3,Jeddah
Waldron,Andrew,Demarcus,219,3,Jeddah
Dahlheimer,Lynda,Tina,220,2,Jeddah
Drake,Erwin,Sandra,221,3,Jeddah
Priddy,Joshua,Steven,221,2,Jeddah
Gaunt,Jacques,Mikel,222,0,Jeddah
Johnson,Patti,Harold,223,3,Jeddah
Mcclain,Arlene,Rodrick,225,3,Jeddah
Vance,Robin,Jeanne,226,2,Jeddah
Gilliam,Horace,Jared,227,3,Jeddah
Puente,Stacia,Keith,227,3,Jeddah
Treffert,Barbara,Laura,227,0,Jeddah
Mcpeak,Michelle,Charles,228,0,Jeddah
Leffler,Ronald,Dennis,229,2,Jeddah
Shows,Tammi,Morgan,229,3,Jeddah
Walker,Tony,William,230,3,Jeddah
Davis,Karen,Daniel,231,2,Jeddah
Johnston,Matthew,Jose,232,1,Jeddah
Williams,Brian,Doris,232,1,Jeddah
Peacock,Marion,Ida,234,0,Jeddah
Davidson,Robert,Albert,235,0,Jeddah
Melendez,Mary,Sarah,236,2,Jeddah
Donovan,Paula,Nicole,238,1,Jeddah
Briggs,Natalie,Michelle,240,3,Jeddah
Doyle,Mark,Donna,240,3,Jeddah
White,Shawna,Harvey,245,0,Jeddah
Sebek,Chad,Don,247,0,Jeddah
Persinger,Stacey,Paul,248,2,Jeddah
Webb,Kimberly,Heather,249,1,Jeddah
Ransdell,Shanita,Charles,251,3,Jeddah
Best,Allan,George,252,3,Jeddah
Chong,Brenda,Frances,252,1,Jeddah
Butler,Margaret,James,253,2,Jeddah
Baker,Sheila,Larry,254,2,Jeddah
Bates,Kayla,Janet,254,1,Jeddah
Galindo,Antonia,Lloyd,254,0,Jeddah
Noel,Vickie,Sandra,254,0,Jeddah
Aitken,Daniel,Joan,255,0,Jeddah
Combs,Tamatha,Tracy,255,2,Jeddah
Medina,Jeremy,Andrew,255,0,Jeddah
Portsche,Lorraine,Emily,257,1,Jeddah
Keefe,Carol,Kathleen,259,1,Jeddah
Gonzalez,Ernest,Leonardo,260,3,Jeddah
Simpson,Delana,Robert,261,3,Jeddah
Russell,William,Gerald,263,3,Jeddah
Mcanally,Rebecca,Terry,265,0,Jeddah
Striplin,Mary,Leslie,265,2,Jeddah
Sousa,Linda,David,266,3,Jeddah
Buggie,Colleen,John,267,3,Jeddah
Daly,Kevin,Matthew,269,1,Jeddah
Ralston,David,Mary,269,0,Jeddah
Henderson,Lonnie,Terry,270,0,Jeddah
Scott,Michael,James,270,0,Jeddah
Simmons,Bradley,Richard,272,2,Jeddah
Hiltner,Tyler,Leslie,273,3,Jeddah
Williams,Joseph,Elvira,273,0,Jeddah
Brannan,Eneida,Robert,276,0,Jeddah
Moreno,Maria,Alice,276,0,Jeddah
Pfeifer,Allan,William,276,0,Jeddah
Anderson,Louise,Charles,278,0,Jeddah
Melendez,Paul,Nancy,278,2,Jeddah
Wagster,Susan,Robert,278,3,Jeddah
Gillespie,Jimmy,Luther,280,0,Jeddah
Malley,Richard,Antonette,281,1,Jeddah
Thomas,Elizabeth,Gladys,281,0,Jeddah
Parker,William,James,282,2,Jeddah
Dodson,Nellie,Anna,283,2,Jeddah
Moler,Ken,Pam,283,1,Jeddah
Roberts,William,Jason,283,3,Jeddah
Thompson,Michael,Justin,283,1,Jeddah
Ala,Betty,Michael,284,2,Jeddah
Gallagher,Thelma,Jerald,285,0,Jeddah
Wilks,Thaddeus,Mary,285,0,Jeddah
Ringgold,Phillip,Richard,286,3,Jeddah
Salas,Ruth,Sarah,287,0,Jeddah
Ashley,Marion,Teresa,288,2,Jeddah
Stevenson,Amelia,Dana,289,3,Jeddah
Brown,Aaron,Rachel,293,1,Jeddah
Coleman,William,Judy,293,1,Jeddah
Quinlivan,Anna,Eric,294,1,Jeddah
Bush,Joseph,Daryl,296,3,Jeddah
Williams,Cody,Dennis,297,3,Jeddah
Hudson,William,Carole,299,3,Jeddah
Doty,Justina,Emily,300,1,Jeddah
Davis,Kyoko,Jeffery,301,1,Jeddah
Ferguson,Edward,Melanie,301,0,Jeddah
Pastrana,Barbara,Aaron,301,0,Jeddah
Meadows,Lorraine,Brenda,302,2,Jeddah
Oyler,Daniela,Paul,302,2,Jeddah
Powers,Talitha,Karina,302,0,Jeddah
Franklin,Donna,Jonathan,303,2,Jeddah
Freeman,Hugo,Kenneth,303,0,Jeddah
Kuhnle,Adriana,Dennis,303,1,Jeddah
Lee,Marilyn,John,303,0,Jeddah
Bowlin,Beulah,Marion,304,1,Jeddah
Fanelli,Cecil,James,306,0,Jeddah
Gregoire,Mable,John,306,3,Jeddah
Robertson,Lindsay,Janie,306,2,Jeddah
Wells,Lila,Rudolf,306,1,Jeddah
Allen,James,Mildred,309,1,Jeddah
Kunkle,Pamela,Thomasena,310,0,Jeddah
Moran,Vera,Amber,311,0,Jeddah
Bonney,Gordon,Shirley,312,1,Jeddah
Martin,Sean,Lawrence,312,3,Jeddah
Cox,Sandra,Ashley,313,0,Jeddah
Dutton,Anne,Sam,313,3,Jeddah
Gerrald,Tania,Melanie,313,2,Jeddah
Kent,Beatrice,Irma,314,2,Jeddah
Knapp,Rick,Thelma,314,3,Jeddah
Lindsay,Amber,David,316,1,Jeddah
Funches,Rosemary,Todd,318,1,Jeddah
Stollar,Deana,Tamara,318,0,Jeddah
Broussard,James,Joel,319,2,Jeddah
Smith,Pamela,Robin,321,3,Jeddah
Thomas,Nick,Maria,321,3,Jeddah
Hooper,Karen,John,324,2,Jeddah
Langham,Greg,Maryellen,326,1,Jeddah
Mullins,Judith,Barbara,327,3,Jeddah
Ortiz,Justin,Valerie,327,1,Jeddah
Pacheo,Patty,Curtis,327,3,Jeddah
Workman,Julie,Nancy,327,0,Jeddah
Edwards,Regina,Caitlin,328,2,Jeddah
Caywood,Mildred,Samuel,330,0,Jeddah
Knight,John,Samuel,330,1,Jeddah
Elkins,James,Henry,332,3,Jeddah
Bryan,Walter,Darnell,333,1,Jeddah
Eller,Troy,Marilou,333,1,Jeddah
Bartlett,Bettie,Lynda,334,3,Jeddah
Streicher,Jeffery,Andrew,337,3,Jeddah
Foshee,Brittany,Charlie,338,2,Jeddah
Stevens,Stacey,Jeffrey,338,0,Jeddah
Buckner,John,James,340,3,Jeddah
Bailey,Celina,Tiffany,342,3,Jeddah
Buntin,Rebecca,Dorothy,342,0,Jeddah
Coldwell,Blanche,Anjanette,342,3,Jeddah
Donart,Christopher,Lindsey,342,2,Jeddah
Hogue,Stacy,Dewey,343,0,Jeddah
Zurcher,Margaret,Bianca,343,2,Jeddah
Mohr,Mercedes,Rachel,344,2,Jeddah
Rogers,Jared,Josephine,344,2,Jeddah
Keller,Wilhelmina,Charles,345,2,Jeddah
Mckenny,Kelly,Mary,348,0,Jeddah
Waddell,James,Heidi,350,1,Jeddah
Kenny,Nicole,Diana,353,1,Jeddah
Maier,Patricia,Andrew,353,3,Jeddah
Martinez,Karen,Ann,353,3,Jeddah
Janes,Fred,Jeffrey,354,2,Jeddah
Cadorette,Imelda,Christopher,358,0,Jeddah
Cheeseman,Ronald,Hollie,358,0,Jeddah
Barrett,Virginia,Chad,359,2,Jeddah
Christou,Joe,Chad,360,3,Jeddah
Friedman,Dewayne,Marion,361,3,Jeddah
Patch,Antoine,Richard,362,1,Jeddah
Adair,Donald,Joyce,363,1,Jeddah
Bailey,Paul,Donna,363,3,Jeddah
Bowman,Iris,Roberto,364,1,Jeddah
Crawford,Josephine,Peter,364,0,Jeddah
Freeman,Michael,Lorene,364,3,Jeddah
Baldwin,Michael,David,365,1,Jeddah
Dunn,Charlie,Robert,365,0,Jeddah
Huff,Barry,Danielle,365,0,Jeddah
Karel,Clarence,Dennis,365,3,Jeddah
Ramirez,Sandy,Mary,366,2,Jeddah
Bowen,Mable,John,368,1,Jeddah
Staebell,Edith,Margaret,368,0,Jeddah
Gray,Leroy,Peter,371,3,Jeddah
Harrison,Stephanie,Germaine,371,3,Jeddah
Guillory,Denise,Roger,373,3,Jeddah
Wooley,Guy,Dustin,374,2,Jeddah
Belmonte,David,Gary,375,1,Jeddah
Garrison,Jerome,Long,376,3,Jeddah
Graham,Bryan,Benjamin,376,0,Jeddah
Reyes,Coy,Patricia,376,2,Jeddah
Everett,Rose,Elaine,377,0,Jeddah
Knudsvig,David,Frank,377,2,Jeddah
Stevens,Susan,Raul,378,0,Jeddah
Dye,Jonathan,Pamela,379,1,Jeddah
Leonard,Reva,Teresa,380,2,Jeddah
Birkholz,Beatrice,Lee,383,3,Jeddah
Hudson,Roy,Myrtle,383,3,Jeddah
Gjertsen,Daniel,Megan,388,1,Jeddah
Savage,Darren,Charles,388,3,Jeddah
Murphy,Sarah,Andy,389,2,Jeddah
Westlund,Denise,Joan,389,3,Jeddah
Kinkel,Nigel,Rosalie,390,2,Jeddah
Bell,Edward,Jennifer,391,2,Jeddah
Veselka,Marcus,Frank,392,3,Jeddah
Smith,Mildred,Vickie,394,0,Jeddah
Price,Ryan,Terry,396,3,Jeddah
Rawls,Ernest,Chris,397,0,Jeddah
Perez,Neil,Jacqueline,401,1,Jeddah
Brown,Hugh,Elizabeth,407,2,Jeddah
Cruz,Richard,Robert,407,3,Jeddah
Hilliard,William,Esteban,407,1,Jeddah
Jackson,Susan,Robert,410,0,Jeddah
Nicholes,Melissa,Dwayne,410,3,Jeddah
Cote,Deborah,Janette,411,3,Jeddah
Ramos,Earl,Pedro,411,0,Jeddah
Cornelius,Russell,Dennis,415,2,Jeddah
Loo,Phyllis,Vickie,416,2,Jeddah
Aviles,Lisbeth,Christina,417,3,Jeddah
Heflin,Louis,Charles,417,0,Jeddah
Rush,Edgar,Jerome,417,1,Jeddah
Copeland,Judith,Elizabeth,420,2,Jeddah
Palmer,Tammy,John,420,1,Jeddah
Tran,Javier,Frank,420,3,Jeddah
Rush,Louis,Amanda,421,1,Jeddah
Clark,Paula,Raymond,422,0,Jeddah
Michell,Allen,Daniel,422,2,Jeddah
Caskey,Jonathan,Amy,424,1,Jeddah
Davis,Clarence,Frances,424,0,Jeddah
Duncan,Etta,Miriam,425,1,Jeddah
Rezac,Isaac,Jerry,425,3,Jeddah
Cleaves,Jeanette,Janelle,426,1,Jeddah
Howard,Maryann,Kathleen,426,3,Jeddah
Lee,Stanley,Randi,426,2,Jeddah
Andrzejewski,Abigail,Jerry,427,0,Jeddah
Owens,Richard,Jeffrey,427,1,Jeddah
Womac,Jose,Curtis,427,1,Jeddah
Foote,Brenda,Oralia,428,0,Jeddah
Garza,Eli,Anthony,428,3,Jeddah
Osborn,Jose,Todd,428,2,Jeddah
Huynh,Annette,Corrina,429,1,Jeddah
Whittaker,Jay,Wanda,429,2,Jeddah
Tinoco,Jean,Megan,431,1,Jeddah
Quimby,Kelly,Jamie,434,2,Jeddah
Groves,Larry,Kevin,438,3,Jeddah
Massey,Harriet,Brian,438,2,Jeddah
Perez,Steve,Lawrence,438,0,Jeddah
Flynn,John,Katherine,439,1,Jeddah
Bender,Craig,Paul,440,2,Jeddah
Nadeau,Christopher,Mary,442,1,Jeddah
Freeman,Carmen,Stephen,443,2,Jeddah
Coley,James,John,445,0,Jeddah
Pax,Ruth,Jimmy,445,1,Jeddah
Goldtrap,Phyllis,Lisa,448,0,Jeddah
Walker,Mary,Ericka,448,1,Jeddah
Mitchell,Michael,David,449,1,Jeddah
Shindorf,Anne,Jay,449,3,Jeddah
Jean,Judith,Keisha,451,1,Jeddah
Seguin,Dominick,Rhonda,453,3,Jeddah
Canady,Amy,Robert,454,2,Jeddah
Harris,Willie,Rafael,455,2,Jeddah
Wilson,Lashanda,Sharon,455,3,Jeddah
Mejia,Heather,Peggy,456,3,Jeddah
Vollmer,Audrey,Honey,456,2,Jeddah
Wagner,Joseph,Thomas,456,3,Jeddah
Ash,Chelsea,Kenneth,457,1,Jeddah
Lim,John,Sharon,458,3,Jeddah
Guffey,Jessica,Rhonda,460,1,Jeddah
Troy,Liliana,Derrick,461,1,Jeddah
Bradshaw,Doyle,Dianne,464,3,Jeddah
Ray,Terry,James,465,3,Jeddah
Geraci,Christopher,Brandon,466,3,Jeddah
Harris,Malik,Eleanor,470,1,Jeddah
Glass,Donna,Robert,471,3,Jeddah
Moffitt,Christina,Charles,471,1,Jeddah
Parnell,Raymond,Fred,471,2,Jeddah
Cassidy,Susan,Leah,472,3,Jeddah
Gonzalez,Patricia,Elnora,472,0,Jeddah
Kloc,Jerrold,Tommy,473,2,Jeddah
Simpkins,Rachel,Beverly,473,1,Jeddah
Weaver,Becky,Wilma,478,3,Jeddah
Castillo,Jacob,Phoebe,479,0,Jeddah
Hilderbrandt,Salvador,Jan,480,0,Jeddah
Cantu,Sandra,James,482,1,Jeddah
Green,Darren,Shawn,483,2,Jeddah
Hanson,Edward,Andrea,483,2,Jeddah
Ware,Helen,Mark,484,3,Jeddah
Fears,Johnny,Beverly,487,3,Jeddah
Guerra,John,Stacy,487,1,Jeddah
Greer,Matthew,Keith,488,0,Jeddah
Thomas,Carol,Alma,489,2,Jeddah
Crawford,Tamara,Bonnie,490,3,Jeddah
Davis,Doris,Gregory,490,1,Jeddah
Morales,Keri,Kenneth,491,0,Jeddah
Melgar,Genevieve,Samuel,492,0,Jeddah
Ayers,Angel,Frederick,493,2,Jeddah
Punt,Robert,Marie,493,2,Jeddah
Pease,Denise,William,494,0,Jeddah
Slick,Maria,Joyce,494,2,Jeddah
Anderson,Estella,Wendy,495,0,Jeddah
Pace,Willie,Charles,495,2,Jeddah
Ramirez,Christina,Ebony,496,3,Jeddah
Pensinger,Deborah,Michael,500,2,Jeddah
